model,n,mae_gap,rmse_gap,r2_gap,mae_pc,rmse_pc,r2_pc,mae_improvement_vs_cebh
CEBH,71,0.21658261833673315,0.21794762741155843,-79.08455033847653,0.21658261833673315,0.21794762741155846,-13.876346314930807,0.0
kappa-only LOO,71,0.015344463463842587,0.01918769835401383,0.37928789505368676,0.015344463463842583,0.019187698354013828,0.8846977576071299,0.20123815487289057
compact degree-form correction LOO,71,0.014954801699110192,0.018914929098170687,0.3968103436054097,0.014954801699110192,0.01891492909817069,0.8879526926955991,0.20162781663762294
compact degree-form correction 5-fold,71,0.014855429066132202,0.018639288019723147,0.4142624199195396,0.014855429066132207,0.018639288019723154,0.8911945555775944,0.20172718927060093
compact degree-form correction leave-region-out,71,0.014573379712048659,0.018519204664816158,0.4217853210075915,0.014573379712048671,0.01851920466481617,0.8925919946767193,0.20200923862468448
full embedded correction LOO,71,0.01744553441394997,0.02137050695113955,0.2300294767546791,0.017445534413949977,0.021370506951139557,0.8569718115707188,0.19913708392278318
full embedded correction leave-region-out,71,0.015375782242153472,0.019972970906584606,0.3274419287275103,0.015375782242153475,0.019972970906584606,0.8750669543268387,0.20120683609457968
non-backtracking spectral proxy,71,0.3189754814353422,0.32263198784299457,-174.4927979408078,0.31897548143534227,0.3226319878429946,-31.59919206525568,-0.10239286309860912
