model_group,features,n_features,loo_mae_pc,loo_rmse_pc,loo_r2_gap,lro_mae_pc,lro_rmse_pc,lro_r2_gap
degree_form_compact,kappa; dead_end_share; degree4plus_share; cycle_density,4,0.014954801699110192,0.01891492909817069,0.3968103436054097,0.014573379712048671,0.01851920466481617,0.4217853210075915
block_exposure,kappa; articulation_point_share; bridge_edge_share; largest_biconnected_node_fraction; cycle_density,5,0.014942731936036133,0.019143192098752013,0.38216406413257753,0.015193751793792907,0.0198172010676831,0.3378916242670943
kappa_only,kappa,1,0.015344463463842583,0.019187698354013828,0.37928789505368676,0.015232641044188968,0.019139029040259194,0.38243275573339197
full_embedded,kappa; edge_length_mean_m; edge_length_cv; dead_end_share; degree4plus_share; cycle_density; orientation_entropy; orientation_dominance; articulation_point_share; bridge_edge_share; largest_biconnected_node_fraction; angular_entropy; straight_angle_share_10deg,13,0.017445534413949977,0.021370506951139557,0.2300294767546791,0.015375782242153475,0.019972970906584606,0.3274419287275103
full_without_kappa,edge_length_mean_m; edge_length_cv; dead_end_share; degree4plus_share; cycle_density; orientation_entropy; orientation_dominance; articulation_point_share; bridge_edge_share; largest_biconnected_node_fraction; angular_entropy; straight_angle_share_10deg,12,0.016719555153237718,0.021157745302206776,0.24528458638155548,0.01561448148430581,0.020208044108007105,0.31151733081654964
block_angular,kappa; articulation_point_share; bridge_edge_share; largest_biconnected_node_fraction; cycle_density; angular_entropy; straight_angle_share_10deg,7,0.015568757671942048,0.01923925906054947,0.3759474886382259,0.015883358969674716,0.02014582082611679,0.31575066447840505
angular_order,kappa; orientation_entropy; orientation_dominance; angular_entropy; straight_angle_share_10deg,5,0.015664198983047398,0.01956773165135618,0.35445664062255333,0.015909629514014464,0.02008825454682069,0.31965553497971033
edge_scale,edge_length_mean_m; edge_length_cv,2,0.018907052973197346,0.024365597897284513,-0.0009182220811008168,0.020499769656132674,0.025538301348095795,-0.09958413392429977
