macro_region,n_test,mae_gap,rmse_gap,r2_gap,cebh_mae
Africa,12,0.01642038266666936,0.020376945579180777,0.31214439423999485,0.2347849106808689
Asia,19,0.01845102207541695,0.022254129146472065,0.3664448945596571,0.21918407291109396
Europe,11,0.01645970585533026,0.018653784217796596,0.35085221838704617,0.21804395162192014
Latin America,10,0.00751468204001525,0.010380592171395432,0.6194170553463448,0.21075330766168893
Middle East,5,0.016494623802324904,0.02424991343787359,-1.9081865065382382,0.21025033913179164
North America,10,0.008979728700344285,0.011109003203476051,0.015514589162451742,0.19646567901191042
Oceania,4,0.01465548932466193,0.01481849012936066,-1.9627320907409156,0.2183811395476913
