city,n_edges,n_edges_lcc,n_cross_pairs,chi_all,chi_angle15,chi_lcc,chi_lcc_angle15,angle_q25,angle_median,angle_q75,share_below_15deg,status,error
Berlin,5121.0,4929.0,1068.0,0.20855301698886936,0.18570591681312243,0.2158652870764861,0.1921282207344289,28.660437298454326,57.64127535782507,73.6352467444229,0.10955056179775281,ok,
Hamburg,5365.0,5250.0,447.0,0.08331780055917987,0.06616961789375582,0.08514285714285715,0.06761904761904762,17.778117207350228,45.22748737652059,69.44384908572331,0.2058165548098434,ok,
Vienna,5165.0,5062.0,519.0,0.1004840271055179,0.08305905130687319,0.1021335440537337,0.08435401027261952,21.991500285156757,47.71826593609146,73.88511787293807,0.17341040462427745,ok,
Madrid,2746.0,2457.0,730.0,0.2658412235979607,0.25309541150764747,0.2266992266992267,0.2140822140822141,32.818270865400834,63.826527762422955,79.20444166173961,0.04794520547945205,ok,
Milan,3488.0,3263.0,467.0,0.1338876146788991,0.12614678899082568,0.1357646337726019,0.12810297272448667,37.88991575311287,58.38066038110105,76.01846368027407,0.057815845824411134,ok,
Osaka,1881.0,825.0,446.0,0.23710792131844763,0.22647527910685805,0.041212121212121214,0.03393939393939394,54.514845274146126,72.80934945128398,86.48388443557016,0.04484304932735426,ok,
"Chicago, Illinois, USA",,,,,,,,,,,,fail,Nominatim did not geocode query to a polygon geometry; traceback redacted for public archive.
