{
  "created_by": "scripts/build_R56_spatial_length_constrained_nulls.py",
  "elapsed_seconds": 354.95372796058655,
  "parameters": {
    "n_null": 4,
    "n_perm": 16,
    "n_bootstrap": 300,
    "p_step": 0.01,
    "window": 0.25,
    "length_bins": 12,
    "bin_tolerance": 1,
    "swap_fraction": 0.25,
    "max_attempt_factor": 60,
    "seed": 20260603
  },
  "aggregate": {
    "mean_road_gap": 0.20959387499999999,
    "mean_degree_null_gap_R41": 0.025547999999999998,
    "mean_spatial_null_gap": 0.06937500000000002,
    "mean_spatial_minus_degree_gap": 0.04382700000000002,
    "mean_remaining_fraction_after_spatial": 0.6683522652471781,
    "mean_chord_length_bin_tvd": 0.07925765715741816,
    "mean_accepted_swaps_per_edge": 0.2500017799892297
  }
}