{
  "n": 71.0,
  "slope": -0.0909694944745455,
  "intercept": 0.5032090076251167,
  "in_sample_r2": 0.41864795973419044,
  "cv5_r2": 0.39258836763132476,
  "leave_region_out_r2": 0.38311114120542356,
  "cv5_mae": 0.015226343878305786,
  "leave_region_out_mae": 0.015314012891261683,
  "spearman_rho": -0.6307176391683432,
  "spearman_p": 3.743011309454672e-09,
  "pearson_r": -0.6470301072857352,
  "pearson_p": 1.0840396011841688e-09
}