{
  "status": "pass",
  "round": "R95_nonbacktracking_spectral_layer",
  "n_records_total": 71,
  "n_records_pass": 71,
  "n_decomposition_rows": 71,
  "n_decomposition_cities": 71,
  "n_nb_power_converged": 52,
  "mean_abs_error_cebh": 0.21658261833673312,
  "ci95_abs_error_cebh_low": 0.21087723504085898,
  "ci95_abs_error_cebh_high": 0.22228800163260726,
  "mean_abs_error_nb": 0.3189754814353423,
  "ci95_abs_error_nb_low": 0.3076286415569865,
  "ci95_abs_error_nb_high": 0.33032232131369815,
  "mean_nb_improvement_over_cebh": -0.10239286309860912,
  "ci95_nb_improvement_low": -0.10927401298802264,
  "ci95_nb_improvement_high": -0.0955117132091956,
  "spearman_pc_nb_vs_pc_road": 0.5897622571856073,
  "spearman_pc_cebh_vs_pc_road": 0.9361555971903445,
  "spearman_nb_error_vs_road_gap": 0.8487592219986585,
  "spearman_nb_ipr_vs_road_gap": 0.3508383635144198,
  "pearson_pc_nb_vs_pc_road": 0.5526306860579523,
  "claim_boundary": "R95 adds a non-backtracking spectral threshold proxy as a theory-bridge diagnostic. It does not replace the constrained geometry-null evidence and does not prove a theorem."
}