domain,instance,system_id,n_nodes,n_edges,mean_degree,pc_cebh,pc_dimension,pc_junction_anchor,pc,pc_low,pc_high,point_endpoint,bootstrap_endpoint_count,p_step,n_orders,n_bootstrap,mean_curve_p0,mean_curve_p1,exact_endpoint_slope,largest_component_bridges,method_version,input_hash,kind,replicate,n_swaps,degree_sequence_exact,realization_hash,seed
road,Accra,Accra,19183,25655,2.6747641140593235,0.5030786728370853,0.747729487429351,0.6330722187859009,0.53,0.525,0.5325,False,0,0.0025,256,1000,5.21294896522963e-05,0.982432361987176,0.2407861127039566,3936,canonical_v2_exact_endpoint,dfa0955a258a58843e7005452c6fe1a07d08f2c1926faaca7ec254a91c47449c,degree,0,51310,True,3b78972d53cbeb8031b87ef9db8ceb7bfc644ca1ec1640940a926bb4b7675977,20282880
road,Accra,Accra,19183,25655,2.6747641140593235,0.5030786728370853,0.747729487429351,0.6330722187859009,0.53,0.525,0.535,False,0,0.0025,256,1000,5.21294896522963e-05,0.9833706928009176,0.2326017828285461,3895,canonical_v2_exact_endpoint,dfa0955a258a58843e7005452c6fe1a07d08f2c1926faaca7ec254a91c47449c,degree,1,51310,True,8b32346b1d7e48398c038a8cd116326aaae9de6e0e82197a1687d2f449896455,20282899
road,Accra,Accra,19183,25655,2.6747641140593235,0.5030786728370853,0.747729487429351,0.6330722187859009,0.53,0.5275,0.535,False,0,0.0025,256,1000,5.21294896522963e-05,0.983787728718136,0.2371370484282959,3925,canonical_v2_exact_endpoint,dfa0955a258a58843e7005452c6fe1a07d08f2c1926faaca7ec254a91c47449c,degree,2,51310,True,1bb2edd5dcd6b317f8928da59d8c9b0e489c55b217f9df418d58b2d072c21d2a,20282918
road,Accra,Accra,19183,25655,2.6747641140593235,0.5030786728370853,0.747729487429351,0.6330722187859009,0.525,0.5225,0.5325,False,0,0.0025,256,1000,5.21294896522963e-05,0.9831100453526562,0.2439138820830944,3949,canonical_v2_exact_endpoint,dfa0955a258a58843e7005452c6fe1a07d08f2c1926faaca7ec254a91c47449c,degree,3,51310,True,60785f82d476c4656ac3ab160acdb37fd9eb5fb94b53c808ab727168dd65c78d,20282937
road,Addis Ababa,Addis Ababa,51078,72263,2.8295156427424724,0.482274189457948,0.7068347563760153,0.6295381309948231,0.5,0.4975,0.5025000000000001,False,0,0.0025,256,1000,1.957790046595403e-05,0.991894749207095,0.1572301186420768,7348,canonical_v2_exact_endpoint,5b2688fdf9dba468b8e0ea2752d787418903b1e395993fc66c706fc505785cbc,degree,0,144526,True,2a74e55e1ff80952745a175f6f2b790d285783f94bf6144fc8c6d253d29c37b0,20294868
road,Addis Ababa,Addis Ababa,51078,72263,2.8295156427424724,0.482274189457948,0.7068347563760153,0.6295381309948231,0.4975,0.4975,0.5025000000000001,False,0,0.0025,256,1000,1.957790046595403e-05,0.991366145894514,0.157582520850464,7332,canonical_v2_exact_endpoint,5b2688fdf9dba468b8e0ea2752d787418903b1e395993fc66c706fc505785cbc,degree,1,144526,True,9053274e10132dcf7d321fe7a38565c67d027cee826dbc5bce5d6cd06b666708,20294893
road,Addis Ababa,Addis Ababa,51078,72263,2.8295156427424724,0.482274189457948,0.7068347563760153,0.6295381309948231,0.5,0.4975,0.5025000000000001,False,0,0.0025,256,1000,1.957790046595403e-05,0.9925408199224712,0.1591291749872743,7406,canonical_v2_exact_endpoint,5b2688fdf9dba468b8e0ea2752d787418903b1e395993fc66c706fc505785cbc,degree,2,144526,True,b1afde2d886e9feab884f972e6b04bd4216a07892b16ff5f8ebbf26184060311,20294918
road,Addis Ababa,Addis Ababa,51078,72263,2.8295156427424724,0.482274189457948,0.7068347563760153,0.6295381309948231,0.505,0.4975,0.505,False,0,0.0025,256,1000,1.957790046595403e-05,0.9912682563921842,0.1565644700262344,7309,canonical_v2_exact_endpoint,5b2688fdf9dba468b8e0ea2752d787418903b1e395993fc66c706fc505785cbc,degree,3,144526,True,b840fc2530ffa928c6b39ced384343d4c7475f4498d6c4cf0f662a1e1e5283b2,20294943
road,Algiers,Algiers,21703,28885,2.661843984702576,0.5065855241235377,0.7513588367664878,0.6343744607047784,0.5325,0.53,0.5375,False,0,0.0025,256,1000,4.607657927475463e-05,0.9817075980279224,0.2436529512049025,4449,canonical_v2_exact_endpoint,f2337da78ef2299bd72743cee9aa9ef286cd155a211feb23da8598c800015cdc,degree,0,57770,True,50306870a3a52b3d766027616cbcb1862c1272fae0a30a6e9583a6c335f7449e,20287136
road,Algiers,Algiers,21703,28885,2.661843984702576,0.5065855241235377,0.7513588367664878,0.6343744607047784,0.5325,0.53,0.535,False,0,0.0025,256,1000,4.607657927475463e-05,0.9820762106621204,0.2388149103810533,4436,canonical_v2_exact_endpoint,f2337da78ef2299bd72743cee9aa9ef286cd155a211feb23da8598c800015cdc,degree,1,57770,True,cfcabab2d93ab6b216908637c92f8ce0ed2e2cd971fada51297e9c036c684c31,20287157
road,Algiers,Algiers,21703,28885,2.661843984702576,0.5065855241235377,0.7513588367664878,0.6343744607047784,0.53,0.53,0.5325,False,0,0.0025,256,1000,4.607657927475463e-05,0.9823065935584944,0.2398285951250979,4443,canonical_v2_exact_endpoint,f2337da78ef2299bd72743cee9aa9ef286cd155a211feb23da8598c800015cdc,degree,2,57770,True,9e524ad59d98dbab877ae941d5873669f8dc208807c46048dd2b86c2fa1a2082,20287178
road,Algiers,Algiers,21703,28885,2.661843984702576,0.5065855241235377,0.7513588367664878,0.6343744607047784,0.5325,0.5275,0.5375,False,0,0.0025,256,1000,4.607657927475463e-05,0.9819840575035708,0.2385384509054048,4421,canonical_v2_exact_endpoint,f2337da78ef2299bd72743cee9aa9ef286cd155a211feb23da8598c800015cdc,degree,3,57770,True,f6ead0e76f73d519f200ad17802a657dbe0c7d7ebbfd66eb3528742447eaa745,20287199
road,Amsterdam,Amsterdam,23201,32887,2.8349640101719755,0.466680857102313,0.7054763280323532,0.6160131045589082,0.4875,0.485,0.5,False,0,0.0025,256,1000,4.310159044868756e-05,0.9901297357872508,0.1790871083142968,3660,canonical_v2_exact_endpoint,94eb0da4e8a84316d5c10dc1994baf7252c5b3dbff678bdbcdac787b08618d8d,degree,0,65774,True,372c51c53e446c47dbfb4ca035e3eba8faf96cf3a5c6f20af8339f675d3b47fa,20291513
road,Amsterdam,Amsterdam,23201,32887,2.8349640101719755,0.466680857102313,0.7054763280323532,0.6160131045589082,0.4875,0.485,0.5,False,0,0.0025,256,1000,4.310159044868756e-05,0.9909486660057758,0.1827507435024352,3707,canonical_v2_exact_endpoint,94eb0da4e8a84316d5c10dc1994baf7252c5b3dbff678bdbcdac787b08618d8d,degree,1,65774,True,e93de82e0f83f07a5c0df8631ad281543da8005ca489eebbeb1184685f7b5228,20291536
road,Amsterdam,Amsterdam,23201,32887,2.8349640101719755,0.466680857102313,0.7054763280323532,0.6160131045589082,0.4925,0.49,0.495,False,0,0.0025,256,1000,4.310159044868756e-05,0.989957329425456,0.1781819749148743,3645,canonical_v2_exact_endpoint,94eb0da4e8a84316d5c10dc1994baf7252c5b3dbff678bdbcdac787b08618d8d,degree,2,65774,True,b5cef58779488ef4a6bf3e42ea7946ba1542bdf2e097329ec07f28b07304e9cf,20291559
road,Amsterdam,Amsterdam,23201,32887,2.8349640101719755,0.466680857102313,0.7054763280323532,0.6160131045589082,0.4925,0.4875,0.495,False,0,0.0025,256,1000,4.310159044868756e-05,0.9928882375759666,0.1833972673591655,3725,canonical_v2_exact_endpoint,94eb0da4e8a84316d5c10dc1994baf7252c5b3dbff678bdbcdac787b08618d8d,degree,3,65774,True,b67e607b223367d9e66351f3403eaa8e5373a505c74fe72b1397108a2f37b806,20291582
road,Athens,Athens,54827,88593,3.231728892698853,0.4135569642707098,0.618863792850451,0.5933158856166071,0.43,0.4275,0.4325,False,0,0.0025,256,1000,1.8239188720885696e-05,0.9989056486767468,0.0652415780546081,3488,canonical_v2_exact_endpoint,cb5f090c0408b76d13f17ae643c4dc090849fa4fa114ea0a15f3d6cd5ff9a975,degree,0,177186,True,aced5c8f77c9019b4241b9397cf40746361fb8513aa291cc263189aedf264270,20285101
road,Athens,Athens,54827,88593,3.231728892698853,0.4135569642707098,0.618863792850451,0.5933158856166071,0.43,0.4275,0.435,False,0,0.0025,256,1000,1.8239188720885696e-05,0.9993433892060484,0.0660988199244897,3523,canonical_v2_exact_endpoint,cb5f090c0408b76d13f17ae643c4dc090849fa4fa114ea0a15f3d6cd5ff9a975,degree,1,177186,True,d1d36b9f2b3d29997f65ac26c0e6e3ee2bfd71818fb161ab56a137265eb97e9a,20285121
road,Athens,Athens,54827,88593,3.231728892698853,0.4135569642707098,0.618863792850451,0.5933158856166071,0.4275,0.4275,0.4325,False,0,0.0025,256,1000,1.8239188720885696e-05,0.9989421270541888,0.0660258631696062,3506,canonical_v2_exact_endpoint,cb5f090c0408b76d13f17ae643c4dc090849fa4fa114ea0a15f3d6cd5ff9a975,degree,2,177186,True,b1a62b4641e95102bacc54f625816947e4c0f7ad4c983e118d8ddfcd3f0ffcff,20285141
road,Athens,Athens,54827,88593,3.231728892698853,0.4135569642707098,0.618863792850451,0.5933158856166071,0.4275,0.4275,0.4325,False,0,0.0025,256,1000,1.8239188720885696e-05,0.9985591040910502,0.0660988199244897,3494,canonical_v2_exact_endpoint,cb5f090c0408b76d13f17ae643c4dc090849fa4fa114ea0a15f3d6cd5ff9a975,degree,3,177186,True,258ae2af728bedaff2da42e3e9879fb301948b159a6690fe938ac206af51366b,20285161
road,Auckland,Auckland,12533,16775,2.67693289715152,0.5044505924099357,0.747123695976155,0.6340596868091446,0.535,0.53,0.54,False,0,0.0025,256,1000,7.978935609989628e-05,0.9838825500678214,0.233782813372696,2461,canonical_v2_exact_endpoint,a1c23153a003d63a2f54cfe32bf607c36bac7aad5406555dfd4b32d8c58a79c2,degree,0,33550,True,d2a7391693540842fa5f5ccd8c39c10757ab4ac8b9a976be68938cd6b6270aba,20289092
road,Auckland,Auckland,12533,16775,2.67693289715152,0.5044505924099357,0.747123695976155,0.6340596868091446,0.5325,0.5325,0.5375,False,0,0.0025,256,1000,7.978935609989628e-05,0.9824463416580226,0.2404053299289874,2468,canonical_v2_exact_endpoint,a1c23153a003d63a2f54cfe32bf607c36bac7aad5406555dfd4b32d8c58a79c2,degree,1,33550,True,dd3ca4724774f94de3078b58474d397ae1ab63c217408d8493c7dff6faaf76e5,20289114
road,Auckland,Auckland,12533,16775,2.67693289715152,0.5044505924099357,0.747123695976155,0.6340596868091446,0.535,0.5325,0.5375,False,0,0.0025,256,1000,7.978935609989628e-05,0.9839623394239204,0.2316285007579988,2461,canonical_v2_exact_endpoint,a1c23153a003d63a2f54cfe32bf607c36bac7aad5406555dfd4b32d8c58a79c2,degree,2,33550,True,bf368240e011e716a0ab1f68a06376683452e044b6208420031b87fca128b9f2,20289136
road,Auckland,Auckland,12533,16775,2.67693289715152,0.5044505924099357,0.747123695976155,0.6340596868091446,0.5375,0.535,0.54,False,0,0.0025,256,1000,7.978935609989628e-05,0.9841219181361204,0.2352988111385941,2472,canonical_v2_exact_endpoint,a1c23153a003d63a2f54cfe32bf607c36bac7aad5406555dfd4b32d8c58a79c2,degree,3,33550,True,7d95317013a26640fde34533b7184ce98a5d953e22b92883e4dc716948f99a27,20289158
road,Bangkok,Bangkok,63366,71694,2.2628538964113245,0.5689051824695883,0.8838396518537117,0.6354902987811591,0.595,0.59,0.5950624999999999,False,0,0.0025,256,1000,1.5781333838336017e-05,0.9135182905659184,0.5526307483508506,23821,canonical_v2_exact_endpoint,2c97486a7bd38d376db2087296f3bb4b56a0ad081b4a18a93b026104f682cfea,degree,0,143388,True,e9c69aa781dba759a5c4463d0888898686259ab81ef56c8cd56aecf7ceaff36a,20287034
road,Bangkok,Bangkok,63366,71694,2.2628538964113245,0.5689051824695883,0.8838396518537117,0.6354902987811591,0.59,0.585,0.595,False,0,0.0025,256,1000,1.5781333838336017e-05,0.9128554745447084,0.5454975854559228,23699,canonical_v2_exact_endpoint,2c97486a7bd38d376db2087296f3bb4b56a0ad081b4a18a93b026104f682cfea,degree,1,143388,True,3c6b23bc1a7174ff48a7e964d450cfe8cdd570802e886fc4ed697771ac62820d,20287055
road,Bangkok,Bangkok,63366,71694,2.2628538964113245,0.5689051824695883,0.8838396518537117,0.6354902987811591,0.595,0.5925,0.6,False,0,0.0025,256,1000,1.5781333838336017e-05,0.913628759902787,0.5463339961493545,23806,canonical_v2_exact_endpoint,2c97486a7bd38d376db2087296f3bb4b56a0ad081b4a18a93b026104f682cfea,degree,2,143388,True,57d39883e7cff4939d43a190763302b63ac3e31cfc9ec860d684212516cdad83,20287076
road,Bangkok,Bangkok,63366,71694,2.2628538964113245,0.5689051824695883,0.8838396518537117,0.6354902987811591,0.5975,0.5875,0.5975,False,0,0.0025,256,1000,1.5781333838336017e-05,0.9144493892623804,0.5445191427579459,23744,canonical_v2_exact_endpoint,2c97486a7bd38d376db2087296f3bb4b56a0ad081b4a18a93b026104f682cfea,degree,3,143388,True,63ee0fd50470169332bf445595e2af8c662c7e026c5e7a31297aa335da617815,20287097
road,Barcelona,Barcelona,18674,28820,3.086644532505088,0.438814196750765,0.6479528105482304,0.6104361612714422,0.47,0.4625,0.4725,False,0,0.0025,256,1000,5.355039091785372e-05,0.9989289921816428,0.0795223305130127,1409,canonical_v2_exact_endpoint,fd3e1e8319c9d2a226f1cc00c8d28949f672603801ea3f8aaa49c6c7af5c657f,degree,0,57640,True,d0e0811cbbca41c62f0a95e3866507f05e08027f6e12317d4da1c3de6152e732,20291341
road,Barcelona,Barcelona,18674,28820,3.086644532505088,0.438814196750765,0.6479528105482304,0.6104361612714422,0.465,0.4625,0.465,False,0,0.0025,256,1000,5.355039091785372e-05,0.997643782799614,0.0778087180036414,1384,canonical_v2_exact_endpoint,fd3e1e8319c9d2a226f1cc00c8d28949f672603801ea3f8aaa49c6c7af5c657f,degree,1,57640,True,ffba6a550412d90f540a4d0a0da16054b5e185058272a478f97b5797a23e35d7,20291364
road,Barcelona,Barcelona,18674,28820,3.086644532505088,0.438814196750765,0.6479528105482304,0.6104361612714422,0.4625,0.4575,0.465,False,0,0.0025,256,1000,5.355039091785372e-05,0.9982863874906284,0.078665524258327,1395,canonical_v2_exact_endpoint,fd3e1e8319c9d2a226f1cc00c8d28949f672603801ea3f8aaa49c6c7af5c657f,degree,2,57640,True,5a1b164bde51d34f8871b3a8ffcbaebc51d7582f2accb2099a85d177114760b8,20291387
road,Barcelona,Barcelona,18674,28820,3.086644532505088,0.438814196750765,0.6479528105482304,0.6104361612714422,0.465,0.4625,0.465,False,0,0.0025,256,1000,5.355039091785372e-05,0.9972153796722713,0.0767912605762022,1369,canonical_v2_exact_endpoint,fd3e1e8319c9d2a226f1cc00c8d28949f672603801ea3f8aaa49c6c7af5c657f,degree,3,57640,True,14ae99705ac41c7064066e3f6182fb2e56ba895d25ea66f1fa139b0301641456,20291410
road,Bengaluru,Bengaluru,101357,136603,2.695482305119528,0.487624045120297,0.7419822405071631,0.6233785158269722,0.5025000000000001,0.5025000000000001,0.5075000000000001,False,0,0.0025,256,1000,9.86611679509062e-06,0.9792219580295392,0.2503724459090147,22021,canonical_v2_exact_endpoint,4f05b315e5de3f3278792023f58f9edbb4e583ba025760ffab14b2ba91993ebd,degree,0,273206,True,1c0385e4f0417d340db827f1c8d857fffdced6114d2d7920c1544f0ba32dc5c8,20291737
road,Bengaluru,Bengaluru,101357,136603,2.695482305119528,0.487624045120297,0.7419822405071631,0.6233785158269722,0.505,0.5025000000000001,0.5075000000000001,False,0,0.0025,256,1000,9.86611679509062e-06,0.9803565614609744,0.2531448247284351,22195,canonical_v2_exact_endpoint,4f05b315e5de3f3278792023f58f9edbb4e583ba025760ffab14b2ba91993ebd,degree,1,273206,True,6b05a26bdf20212deba94efc68097f39b7f4d839188b14da1883d51a2f9a3074,20291760
road,Bengaluru,Bengaluru,101357,136603,2.695482305119528,0.487624045120297,0.7419822405071631,0.6233785158269722,0.505,0.505,0.5075000000000001,False,0,0.0025,256,1000,9.86611679509062e-06,0.9806229466144422,0.253243485896386,22194,canonical_v2_exact_endpoint,4f05b315e5de3f3278792023f58f9edbb4e583ba025760ffab14b2ba91993ebd,degree,2,273206,True,5961e4150f0530d2a3bd0a618efe5def72ebafd4b09d339dd93635e24b79cc1b,20291783
road,Bengaluru,Bengaluru,101357,136603,2.695482305119528,0.487624045120297,0.7419822405071631,0.6233785158269722,0.505,0.5025000000000001,0.505,False,0,0.0025,256,1000,9.86611679509062e-06,0.9799125862051952,0.2521779452825162,22143,canonical_v2_exact_endpoint,4f05b315e5de3f3278792023f58f9edbb4e583ba025760ffab14b2ba91993ebd,degree,3,273206,True,1f14fec299929f3400b2d1e419995820c9510a5271db3c3afcdc5b472bbe5b82,20291806
road,Bogota,Bogota,40772,60476,2.966545668596096,0.4493951193413192,0.6741848005820491,0.6114151634982622,0.4675,0.4675,0.47,False,0,0.0025,256,1000,2.4526635926616303e-05,0.9945305601883644,0.1377170607279505,5190,canonical_v2_exact_endpoint,8d77dcd71f2907217f5a0b1e714062beb4654b44b22e3de05279648077c67dd7,degree,0,120952,True,317ae8d51e433a002c9af8d19e92fbcf16542beb2b596b28c79c198e35ff227a,20285016
road,Bogota,Bogota,40772,60476,2.966545668596096,0.4493951193413192,0.6741848005820491,0.6114151634982622,0.4675,0.4675,0.47,False,0,0.0025,256,1000,2.4526635926616303e-05,0.9943834003728046,0.1355587167664083,5163,canonical_v2_exact_endpoint,8d77dcd71f2907217f5a0b1e714062beb4654b44b22e3de05279648077c67dd7,degree,1,120952,True,e5c54a5b91ba21ec56b80dfcc3785f93b2e50ae8a970e930859008a66ead8065,20285036
road,Bogota,Bogota,40772,60476,2.966545668596096,0.4493951193413192,0.6741848005820491,0.6114151634982622,0.4675,0.4675,0.47,False,0,0.0025,256,1000,2.4526635926616303e-05,0.9935004414794464,0.1335475326204258,5110,canonical_v2_exact_endpoint,8d77dcd71f2907217f5a0b1e714062beb4654b44b22e3de05279648077c67dd7,degree,2,120952,True,9f8c3a8107c0585f57b248ccb5cdbb72e700e9701937e83725202e36a1c5ebca,20285056
road,Bogota,Bogota,40772,60476,2.966545668596096,0.4493951193413192,0.6741848005820491,0.6114151634982622,0.47,0.4675,0.4725,False,0,0.0025,256,1000,2.4526635926616303e-05,0.9944079270087316,0.1376680074560973,5185,canonical_v2_exact_endpoint,8d77dcd71f2907217f5a0b1e714062beb4654b44b22e3de05279648077c67dd7,degree,3,120952,True,c89a6587e461b7b8b330266f469ceaec272037aaa084c5e0ef9e41cd4837f95b,20285076
road,Boston,Boston,24819,35843,2.8883516660622908,0.4629981269779758,0.6924364590017578,0.6191020605979602,0.4925,0.48,0.4925,False,0,0.0025,256,1000,4.029171199484266e-05,0.9927877835529234,0.1525444216124743,3467,canonical_v2_exact_endpoint,ab1c8ef8bea3a1b1d6c8460021acdda0c4c6c3f850f7873e37bc77953dbbad0e,degree,0,71686,True,cd5608a81436b5a41f14b257936caee60918871dc70e7f4c84bf2a3a9f623d0e,20285250
road,Boston,Boston,24819,35843,2.8883516660622908,0.4629981269779758,0.6924364590017578,0.6191020605979602,0.4875,0.4825,0.4925,False,0,0.0025,256,1000,4.029171199484266e-05,0.9927072001289332,0.1516580039485877,3446,canonical_v2_exact_endpoint,ab1c8ef8bea3a1b1d6c8460021acdda0c4c6c3f850f7873e37bc77953dbbad0e,degree,1,71686,True,82cb7da515305dd4364c26a010eca1934beb327cd61ec98533e420d44473ef9f,20285270
road,Boston,Boston,24819,35843,2.8883516660622908,0.4629981269779758,0.6924364590017578,0.6191020605979602,0.485,0.4825,0.49,False,0,0.0025,256,1000,4.029171199484266e-05,0.9922236995849952,0.1509327531326806,3434,canonical_v2_exact_endpoint,ab1c8ef8bea3a1b1d6c8460021acdda0c4c6c3f850f7873e37bc77953dbbad0e,degree,2,71686,True,f84f21e4f35dedf70c863564ea95999ff511c92c638246843b1f940f6c3133e4,20285290
road,Boston,Boston,24819,35843,2.8883516660622908,0.4629981269779758,0.6924364590017578,0.6191020605979602,0.4825,0.4825,0.4875,False,0,0.0025,256,1000,4.029171199484266e-05,0.9920222410250208,0.1496031266368508,3424,canonical_v2_exact_endpoint,ab1c8ef8bea3a1b1d6c8460021acdda0c4c6c3f850f7873e37bc77953dbbad0e,degree,3,71686,True,c526887909959f2c7bcc73b25b0ea88ee883f497049d382ef6b41422ae7f2d72,20285310
road,Brisbane,Brisbane,25339,35174,2.776273728244998,0.4911197989388439,0.7203900608403935,0.6319786826973909,0.5125,0.51,0.52,False,0,0.0025,256,1000,3.946485654524646e-05,0.9910020127076838,0.1733691148032677,3947,canonical_v2_exact_endpoint,6370c1a0ef0082186e72fcb0cd4d0fdfbc158a565f99d0ed55bc1e88b32f1b67,degree,0,70348,True,c63995c152e64f0700313a2d502fdf43d9d54bed75e051f05e76bafd2d54a68f,20289110
road,Brisbane,Brisbane,25339,35174,2.776273728244998,0.4911197989388439,0.7203900608403935,0.6319786826973909,0.515,0.5125,0.5225,False,0,0.0025,256,1000,3.946485654524646e-05,0.9890682347369668,0.1708038991278266,3893,canonical_v2_exact_endpoint,6370c1a0ef0082186e72fcb0cd4d0fdfbc158a565f99d0ed55bc1e88b32f1b67,degree,1,70348,True,ec492b1a50ad8cde97c88e08bb6c4d914334967345887294ed6e7138de5c2bc8,20289132
road,Brisbane,Brisbane,25339,35174,2.776273728244998,0.4911197989388439,0.7203900608403935,0.6319786826973909,0.5175,0.5075000000000001,0.5175,False,0,0.0025,256,1000,3.946485654524646e-05,0.9912388018469556,0.178223292158333,3989,canonical_v2_exact_endpoint,6370c1a0ef0082186e72fcb0cd4d0fdfbc158a565f99d0ed55bc1e88b32f1b67,degree,2,70348,True,3731407bbd1aa522fd483d3201024c78c9615df8dc96587855173958e10bc73f,20289154
road,Brisbane,Brisbane,25339,35174,2.776273728244998,0.4911197989388439,0.7203900608403935,0.6319786826973909,0.515,0.51,0.5275,False,0,0.0025,256,1000,3.946485654524646e-05,0.9909625478511384,0.1803938592683215,4001,canonical_v2_exact_endpoint,6370c1a0ef0082186e72fcb0cd4d0fdfbc158a565f99d0ed55bc1e88b32f1b67,degree,3,70348,True,ae0e4d48fefeabe6613587c35622d6e9502de42e0236ddd246ab0ae995c5e73d,20289176
road,Buenos Aires,Buenos Aires,21642,37472,3.462896220312356,0.3806157377781841,0.5775512382578992,0.5635553018890295,0.405,0.3975,0.405,False,0,0.0025,256,1000,4.620645042047871e-05,0.999630348396636,0.0434802698456704,923,canonical_v2_exact_endpoint,9d9d15a5d2f4fbba12698a26633ec7b121490021a8df53eda0a4066573a44ab9,degree,0,74944,True,5b5c2c72e76d814c26e81e02d05cc45bfdecea09b4c6a5de5ac4c92729d46098,20298281
road,Buenos Aires,Buenos Aires,21642,37472,3.462896220312356,0.3806157377781841,0.5775512382578992,0.5635553018890295,0.4,0.4,0.4025,False,0,0.0025,256,1000,4.620645042047871e-05,0.999630348396636,0.0433878569448294,921,canonical_v2_exact_endpoint,9d9d15a5d2f4fbba12698a26633ec7b121490021a8df53eda0a4066573a44ab9,degree,1,74944,True,45cb813c44faa4b9883d2a267a16b723366d95ce89d40d546df459cd5ce18325,20298307
road,Buenos Aires,Buenos Aires,21642,37472,3.462896220312356,0.3806157377781841,0.5775512382578992,0.5635553018890295,0.4025,0.4,0.405,False,0,0.0025,256,1000,4.620645042047871e-05,0.9999075870991592,0.0434802698456704,925,canonical_v2_exact_endpoint,9d9d15a5d2f4fbba12698a26633ec7b121490021a8df53eda0a4066573a44ab9,degree,2,74944,True,3905955306aa4cb517ff50e432a4815428f9f40e7122b4f383cdfb1382e743b7,20298333
road,Buenos Aires,Buenos Aires,21642,37472,3.462896220312356,0.3806157377781841,0.5775512382578992,0.5635553018890295,0.405,0.4,0.405,False,0,0.0025,256,1000,4.620645042047871e-05,0.9995379354957948,0.0429257924406247,916,canonical_v2_exact_endpoint,9d9d15a5d2f4fbba12698a26633ec7b121490021a8df53eda0a4066573a44ab9,degree,3,74944,True,91d7c533d7de820f4b1be6ddc63bc66e29931f5fa857de92a12f0baefa51701b,20298359
road,Cairo,Cairo,118235,163341,2.762988962659111,0.4905812814983452,0.7238537782920393,0.6313273686475291,0.5075000000000001,0.505,0.51,False,0,0.0025,256,1000,8.457732481921597e-06,0.9881591745253094,0.1930392861673785,20307,canonical_v2_exact_endpoint,1dd01752b9f1dbd0c8474162d1793e9ce47b810d0108b2f780896d0a7c7278ca,degree,0,326682,True,68f85d1f4ffada622a8dc38c07fdfad69d0821ccbe696f9318628861aa8213b5,20283066
road,Cairo,Cairo,118235,163341,2.762988962659111,0.4905812814983452,0.7238537782920393,0.6313273686475291,0.505,0.5025000000000001,0.5075000000000001,False,0,0.0025,256,1000,8.457732481921597e-06,0.9878039497610692,0.1921004778618852,20232,canonical_v2_exact_endpoint,1dd01752b9f1dbd0c8474162d1793e9ce47b810d0108b2f780896d0a7c7278ca,degree,1,326682,True,435ed1fab6d013bf443bb7f3732a29a06fad9853289a9134231b0b0c61fd9dd3,20283085
road,Cairo,Cairo,118235,163341,2.762988962659111,0.4905812814983452,0.7238537782920393,0.6313273686475291,0.505,0.5025000000000001,0.5075000000000001,False,0,0.0025,256,1000,8.457732481921597e-06,0.987507929124202,0.1913900283334038,20189,canonical_v2_exact_endpoint,1dd01752b9f1dbd0c8474162d1793e9ce47b810d0108b2f780896d0a7c7278ca,degree,2,326682,True,aa2316b010aed36094628d5de4e8a10c7103ed4d5cdceea1e0ca70ddaffc30e8,20283104
road,Cairo,Cairo,118235,163341,2.762988962659111,0.4905812814983452,0.7238537782920393,0.6313273686475291,0.505,0.5025000000000001,0.505,False,0,0.0025,256,1000,8.457732481921597e-06,0.9878800693534068,0.1908064447921512,20205,canonical_v2_exact_endpoint,1dd01752b9f1dbd0c8474162d1793e9ce47b810d0108b2f780896d0a7c7278ca,degree,3,326682,True,6bbe93660e43090027c08e8acc939f8254a7174a30758cf510fc26703314d3e7,20283123
road,Casablanca,Casablanca,36942,55764,3.019002761084944,0.4598827284198025,0.662470411017861,0.6240609680257581,0.485,0.4775,0.4875,False,0,0.0025,256,1000,2.7069460234962907e-05,0.9981592767040224,0.0724378755887607,2539,canonical_v2_exact_endpoint,f8c7a1f9e2b886aa40e9fa56bf4a3568975e4cdbaf1739150fb45b89f9b8490c,degree,0,111528,True,e0be7de35c0dfd54dc193db5851cc246333e81253084f707e1c5a222d5af23c1,20293406
road,Casablanca,Casablanca,36942,55764,3.019002761084944,0.4598827284198025,0.662470411017861,0.6240609680257581,0.4825,0.48,0.485,False,0,0.0025,256,1000,2.7069460234962907e-05,0.9988089437496618,0.072952195333225,2562,canonical_v2_exact_endpoint,f8c7a1f9e2b886aa40e9fa56bf4a3568975e4cdbaf1739150fb45b89f9b8490c,degree,1,111528,True,f2b0fbdbf05fda9749d57801c55cff540a408d1d757fd1974765a501f7e22a9c,20293430
road,Casablanca,Casablanca,36942,55764,3.019002761084944,0.4598827284198025,0.662470411017861,0.6240609680257581,0.48,0.4775,0.4825,False,0,0.0025,256,1000,2.7069460234962907e-05,0.9983487629256674,0.0718152780033566,2536,canonical_v2_exact_endpoint,f8c7a1f9e2b886aa40e9fa56bf4a3568975e4cdbaf1739150fb45b89f9b8490c,degree,2,111528,True,8b2e312cb24c9e0a77ee1a8952f458656700e36aee936bab1e3066aca64ae03b,20293454
road,Casablanca,Casablanca,36942,55764,3.019002761084944,0.4598827284198025,0.662470411017861,0.6240609680257581,0.48,0.4775,0.4825,False,0,0.0025,256,1000,2.7069460234962907e-05,0.9982675545449626,0.072221319906881,2539,canonical_v2_exact_endpoint,f8c7a1f9e2b886aa40e9fa56bf4a3568975e4cdbaf1739150fb45b89f9b8490c,degree,3,111528,True,f78969c2daca8b3ee382d6f3a3ab46350430a5a472bcffb6b4b209792f884468,20293478
road,Chennai,Chennai,42444,56880,2.6802374893977947,0.498448919501551,0.7462025316455696,0.6299340015197303,0.5225,0.515,0.525,False,0,0.0025,256,1000,2.356045613043068e-05,0.9809160305343508,0.2399396852323061,8818,canonical_v2_exact_endpoint,7cfca29680ba8cef2af8b744e09858e92d0014be372a6b8771952f4c230b3e17,degree,0,113760,True,4221ea05a7680dae7f6e1f63758370ad54d96eb06f48cdbc589bfab10a96fdeb,20286932
road,Chennai,Chennai,42444,56880,2.6802374893977947,0.498448919501551,0.7462025316455696,0.6299340015197303,0.52,0.5175,0.5225,False,0,0.0025,256,1000,2.356045613043068e-05,0.982094053340873,0.2439449627744793,8895,canonical_v2_exact_endpoint,7cfca29680ba8cef2af8b744e09858e92d0014be372a6b8771952f4c230b3e17,degree,1,113760,True,11feb383dfe025b6a4d18eb91e5cc1202866b3399a6fb5e5fde5f305541b97b2,20286953
road,Chennai,Chennai,42444,56880,2.6802374893977947,0.498448919501551,0.7462025316455696,0.6299340015197303,0.5175,0.515,0.525,False,0,0.0025,256,1000,2.356045613043068e-05,0.9826595042880032,0.2421308076524361,8896,canonical_v2_exact_endpoint,7cfca29680ba8cef2af8b744e09858e92d0014be372a6b8771952f4c230b3e17,degree,2,113760,True,b08a9461ad42830a9ba14651ab97a8616c11678bf4b7c1fec0a7e023fbfb4ad8,20286974
road,Chennai,Chennai,42444,56880,2.6802374893977947,0.498448919501551,0.7462025316455696,0.6299340015197303,0.52,0.515,0.5225,False,0,0.0025,256,1000,2.356045613043068e-05,0.9825417020073512,0.2416360380736971,8882,canonical_v2_exact_endpoint,7cfca29680ba8cef2af8b744e09858e92d0014be372a6b8771952f4c230b3e17,degree,3,113760,True,27578c59b606d330bace9e93fbc4adfb0361e9bc8677225e5058c669807eb340,20286995
road,Chicago,Chicago,13260,21830,3.2926093514328807,0.3959947031400221,0.6074209803023363,0.5713408669791303,0.42,0.4175,0.43,False,0,0.0025,256,1000,7.541478129713421e-05,0.9986425339366516,0.0769230769230769,981,canonical_v2_exact_endpoint,6e54a03ece4f9e8613bb187ade95bb2ed96d1aa8c0ad94f557dd8312a3ff7df6,degree,0,43660,True,1b627a3e1bd91549800594da9309fa36c72527ebf34a5811a37b1026fc3d1973,20286873
road,Chicago,Chicago,13260,21830,3.2926093514328807,0.3959947031400221,0.6074209803023363,0.5713408669791303,0.4275,0.4175,0.4275,False,0,0.0025,256,1000,7.541478129713421e-05,0.998793363499246,0.076998491704374,980,canonical_v2_exact_endpoint,6e54a03ece4f9e8613bb187ade95bb2ed96d1aa8c0ad94f557dd8312a3ff7df6,degree,1,43660,True,6404ad59c3f574021b0638bbbb035ac363ec9d6ec96e2675d23f353991722121,20286894
road,Chicago,Chicago,13260,21830,3.2926093514328807,0.3959947031400221,0.6074209803023363,0.5713408669791303,0.4225,0.42,0.425,False,0,0.0025,256,1000,7.541478129713421e-05,0.9978129713423836,0.0767722473604826,973,canonical_v2_exact_endpoint,6e54a03ece4f9e8613bb187ade95bb2ed96d1aa8c0ad94f557dd8312a3ff7df6,degree,2,43660,True,9895dcdde58cf672db949defc952f7ddfa3d4a490a1faac8177f2502e266391e,20286915
road,Chicago,Chicago,13260,21830,3.2926093514328807,0.3959947031400221,0.6074209803023363,0.5713408669791303,0.425,0.42,0.4275,False,0,0.0025,256,1000,7.541478129713421e-05,0.9984917043740572,0.0779034690799396,984,canonical_v2_exact_endpoint,6e54a03ece4f9e8613bb187ade95bb2ed96d1aa8c0ad94f557dd8312a3ff7df6,degree,3,43660,True,9d14e7e76c8572fdb92945e55f86fc2b355fd8f4e5a4b30c86a71ebeb4eab6da,20286936
road,Dakar,Dakar,28624,43129,3.01348518725545,0.4600377595972308,0.6636833684991537,0.6241310313438612,0.4825,0.48,0.4825,False,0,0.0025,256,1000,3.493571827836781e-05,0.9989519284516492,0.0791643376187814,2170,canonical_v2_exact_endpoint,d135e6c58b836e7913965c30226322d34eaf4bd8c574de7659ea7d8998805576,degree,0,86258,True,284e061154eeb41bc9ae16f1a86386200669b0651a705b2002d9bd70f5405ca8,20282965
road,Dakar,Dakar,28624,43129,3.01348518725545,0.4600377595972308,0.6636833684991537,0.6241310313438612,0.48,0.4775,0.485,False,0,0.0025,256,1000,3.493571827836781e-05,0.9978339854667412,0.0788499161542761,2144,canonical_v2_exact_endpoint,d135e6c58b836e7913965c30226322d34eaf4bd8c574de7659ea7d8998805576,degree,1,86258,True,0544e8d96a72bca8e8d8bef9abba0763c3b03d43309c9cf1afcd29cd1b7c1d36,20282984
road,Dakar,Dakar,28624,43129,3.01348518725545,0.4600377595972308,0.6636833684991537,0.6241310313438612,0.48,0.4775,0.485,False,0,0.0025,256,1000,3.493571827836781e-05,0.9983929569591952,0.0779415874790385,2149,canonical_v2_exact_endpoint,d135e6c58b836e7913965c30226322d34eaf4bd8c574de7659ea7d8998805576,degree,2,86258,True,028aec39d910d84a8034bb78c33f4e0fe07a70a19715e1b6f6525cb17edf928f,20283003
road,Dakar,Dakar,28624,43129,3.01348518725545,0.4600377595972308,0.6636833684991537,0.6241310313438612,0.485,0.4775,0.485,False,0,0.0025,256,1000,3.493571827836781e-05,0.9980435997764112,0.0783957518166573,2143,canonical_v2_exact_endpoint,d135e6c58b836e7913965c30226322d34eaf4bd8c574de7659ea7d8998805576,degree,3,86258,True,c28bdbe596e609ef622bd5f91d1a13d9f0464955e4588f5204246bcbba9e1173,20283022
road,Dar es Salaam,Dar es Salaam,22312,29826,2.6735389028325565,0.5075988359230076,0.7480721518138537,0.6359262790285476,0.535,0.5325,0.535,False,0,0.0025,256,1000,4.481893151667265e-05,0.9866887773395482,0.2334618142703478,4480,canonical_v2_exact_endpoint,3dbe8788844f68a6baa9d7d70471afabf3c868af462c46dc55b3dd77ad295122,degree,0,59652,True,8895feb266ae592a0e368b5850f70fc46345ca4c53685659ec19068e6d583c34,20299863
road,Dar es Salaam,Dar es Salaam,22312,29826,2.6735389028325565,0.5075988359230076,0.7480721518138537,0.6359262790285476,0.535,0.53,0.5375,False,0,0.0025,256,1000,4.481893151667265e-05,0.984268555037648,0.2299659376120473,4425,canonical_v2_exact_endpoint,3dbe8788844f68a6baa9d7d70471afabf3c868af462c46dc55b3dd77ad295122,degree,1,59652,True,0c444f7342843149d07c54c77ebf4f5ebd009debb75d009012142640c6da4e2e,20299890
road,Dar es Salaam,Dar es Salaam,22312,29826,2.6735389028325565,0.5075988359230076,0.7480721518138537,0.6359262790285476,0.54,0.535,0.54,False,0,0.0025,256,1000,4.481893151667265e-05,0.982565435640014,0.227949085693797,4390,canonical_v2_exact_endpoint,3dbe8788844f68a6baa9d7d70471afabf3c868af462c46dc55b3dd77ad295122,degree,2,59652,True,1824d7a4f9c3a7252aa5d6360614645d3dcf0d59c1db15567f7ad593086be51a,20299917
road,Dar es Salaam,Dar es Salaam,22312,29826,2.6735389028325565,0.5075988359230076,0.7480721518138537,0.6359262790285476,0.5375,0.53,0.54,False,0,0.0025,256,1000,4.481893151667265e-05,0.9844478307637148,0.2322965220509143,4445,canonical_v2_exact_endpoint,3dbe8788844f68a6baa9d7d70471afabf3c868af462c46dc55b3dd77ad295122,degree,3,59652,True,765b2129e22aeb071966d33d7dd476ee1e418c5f35e180b96adc34d072eaace3,20299944
road,Delhi,Delhi,59302,85866,2.8958888401740244,0.4689645379225219,0.6906342440546899,0.6229958993794755,0.4875,0.485,0.49,False,0,0.0025,256,1000,1.6862837678324515e-05,0.9941823210009776,0.1382921317999393,7565,canonical_v2_exact_endpoint,ef9646d6b32ee8d368c13f641fcff98d043f745b57904bc921c5f3509bfa4b32,degree,0,171732,True,77041a67dd047db088229fbee9cd84f7da1e0c7129542a4cce7c9cc706e93042,20282974
road,Delhi,Delhi,59302,85866,2.8958888401740244,0.4689645379225219,0.6906342440546899,0.6229958993794755,0.4875,0.485,0.49,False,0,0.0025,256,1000,1.6862837678324515e-05,0.9938450642474114,0.1366732993828201,7523,canonical_v2_exact_endpoint,ef9646d6b32ee8d368c13f641fcff98d043f745b57904bc921c5f3509bfa4b32,degree,1,171732,True,521e92721d83021d61d061ca658261c2a6afab8c5289c0337d463ca4d723c3a6,20282993
road,Delhi,Delhi,59302,85866,2.8958888401740244,0.4689645379225219,0.6906342440546899,0.6229958993794755,0.4875,0.485,0.49,False,0,0.0025,256,1000,1.6862837678324515e-05,0.9940474182995516,0.1383089946376176,7567,canonical_v2_exact_endpoint,ef9646d6b32ee8d368c13f641fcff98d043f745b57904bc921c5f3509bfa4b32,degree,2,171732,True,b05d5ffc35ab52a1e674bc27789d4f6ab258e6536aa88db075c6193e7395e7df,20283012
road,Delhi,Delhi,59302,85866,2.8958888401740244,0.4689645379225219,0.6906342440546899,0.6229958993794755,0.49,0.4825,0.4925,False,0,0.0025,256,1000,1.6862837678324515e-05,0.9944858520791882,0.1383933088260092,7571,canonical_v2_exact_endpoint,ef9646d6b32ee8d368c13f641fcff98d043f745b57904bc921c5f3509bfa4b32,degree,3,171732,True,7e865c5fa5c5250613f5302b8b53ab2c90c3f3315f31330e4aa0218dda18ef69,20283031
road,Dhaka,Dhaka,35890,47996,2.674616884926164,0.501127631139325,0.7477706475539628,0.6318677528389077,0.525,0.52,0.5275,False,0,0.0025,256,1000,2.7862914460852604e-05,0.9809139035943164,0.2386737252716634,7436,canonical_v2_exact_endpoint,a65144ddcc34f23972b2d202b2d2cd55ea3e782cf425f82e62474c28beb59939,degree,0,95992,True,fe0366524961459a7c96a6fa6d98c65bf4bb2b03b0147ac8a32b3283e246894f,20282854
road,Dhaka,Dhaka,35890,47996,2.674616884926164,0.501127631139325,0.7477706475539628,0.6318677528389077,0.525,0.5175,0.53,False,0,0.0025,256,1000,2.7862914460852604e-05,0.9802451936472552,0.2375870716076901,7407,canonical_v2_exact_endpoint,a65144ddcc34f23972b2d202b2d2cd55ea3e782cf425f82e62474c28beb59939,degree,1,95992,True,adee56c647ffade3b0ba2a2c3829a040f5145baf921f53f8d89ec70059debaa5,20282873
road,Dhaka,Dhaka,35890,47996,2.674616884926164,0.501127631139325,0.7477706475539628,0.6318677528389077,0.5225,0.52,0.5275,False,0,0.0025,256,1000,2.7862914460852604e-05,0.9832543884090278,0.2455280022290331,7564,canonical_v2_exact_endpoint,a65144ddcc34f23972b2d202b2d2cd55ea3e782cf425f82e62474c28beb59939,degree,2,95992,True,e72ddbbaff582d8c9489d28d621ca39add99c814092fe16c3cc53a10faf904d8,20282892
road,Dhaka,Dhaka,35890,47996,2.674616884926164,0.501127631139325,0.7477706475539628,0.6318677528389077,0.5225,0.5175,0.5275,False,0,0.0025,256,1000,2.7862914460852604e-05,0.9813597102256894,0.2430760657564781,7478,canonical_v2_exact_endpoint,a65144ddcc34f23972b2d202b2d2cd55ea3e782cf425f82e62474c28beb59939,degree,3,95992,True,0acf056547cda12907ce36d3f4cfd5df11b3f194910001144fbe1082b307ad0c,20282911
road,Dubai,Dubai,15724,22720,2.889849910964131,0.4908611675236571,0.6920774647887324,0.6405457811271997,0.5175,0.515,0.5225,False,0,0.0025,256,1000,6.359704909692192e-05,0.9979648944288984,0.082994149071483,1201,canonical_v2_exact_endpoint,2db898e088c7cb2fb4ac59525af70ddc3a6629bdfcf307f718dffa812066751a,degree,0,45440,True,926c6d7d3788321a1e2342b378d4415e74709f3641d719cad0859d945f24a995,20282943
road,Dubai,Dubai,15724,22720,2.889849910964131,0.4908611675236571,0.6920774647887324,0.6405457811271997,0.5175,0.515,0.52,False,0,0.0025,256,1000,6.359704909692192e-05,0.9977741032816074,0.0819765962859323,1190,canonical_v2_exact_endpoint,2db898e088c7cb2fb4ac59525af70ddc3a6629bdfcf307f718dffa812066751a,degree,1,45440,True,a5dd10ce95ffdcb918b6d78c79313c38937ce638fb4814c0d0a3acc6ccf08780,20282962
road,Dubai,Dubai,15724,22720,2.889849910964131,0.4908611675236571,0.6920774647887324,0.6405457811271997,0.52,0.5125,0.5225,False,0,0.0025,256,1000,6.359704909692192e-05,0.9978377003307044,0.0808318494021877,1188,canonical_v2_exact_endpoint,2db898e088c7cb2fb4ac59525af70ddc3a6629bdfcf307f718dffa812066751a,degree,2,45440,True,0834cf74f7a83ca007cf6198678fbf2dee525c4d9dc2f67d28690bd146cd428b,20282981
road,Dubai,Dubai,15724,22720,2.889849910964131,0.4908611675236571,0.6920774647887324,0.6405457811271997,0.52,0.5175,0.52,False,0,0.0025,256,1000,6.359704909692192e-05,0.997392520987026,0.0808954464512846,1182,canonical_v2_exact_endpoint,2db898e088c7cb2fb4ac59525af70ddc3a6629bdfcf307f718dffa812066751a,degree,3,45440,True,f7b2a102dd35d9683ac7b31aee225bef22dacafab4a568fad40f708d31229d41,20283000
road,Hanoi,Hanoi,29320,39886,2.720736698499318,0.4889668023341342,0.7350950208093064,0.6264432300188263,0.5175,0.51,0.52,False,0,0.0025,256,1000,3.410641200545704e-05,0.9846521145975444,0.2250341064120054,5784,canonical_v2_exact_endpoint,4a321e4140484f274f5b6fa29d763d163fc4b6049743cfa5b35266e3aa4f820a,degree,0,79772,True,dafd6e381ef9d70f409842cabd71f4fe8d07b37cb5c8366810f6e8f367d342a1,20283049
road,Hanoi,Hanoi,29320,39886,2.720736698499318,0.4889668023341342,0.7350950208093064,0.6264432300188263,0.5125,0.5075000000000001,0.5175,False,0,0.0025,256,1000,3.410641200545704e-05,0.9854706684856752,0.2334583901773533,5864,canonical_v2_exact_endpoint,4a321e4140484f274f5b6fa29d763d163fc4b6049743cfa5b35266e3aa4f820a,degree,1,79772,True,5614d7977201193cffd0e3eefb57fcbbee1bcd1ea34cdd755924b90bab8f44eb,20283068
road,Hanoi,Hanoi,29320,39886,2.720736698499318,0.4889668023341342,0.7350950208093064,0.6264432300188263,0.5125,0.51,0.515,False,0,0.0025,256,1000,3.410641200545704e-05,0.9849931787175988,0.2259549795361528,5798,canonical_v2_exact_endpoint,4a321e4140484f274f5b6fa29d763d163fc4b6049743cfa5b35266e3aa4f820a,degree,2,79772,True,58680bbcde8303fefc8e4fa2ddcc68cddc4b988d67cd3b60de1ad30a8b632401,20283087
road,Hanoi,Hanoi,29320,39886,2.720736698499318,0.4889668023341342,0.7350950208093064,0.6264432300188263,0.5125,0.51,0.5175,False,0,0.0025,256,1000,3.410641200545704e-05,0.9809345156889492,0.2256821282401091,5710,canonical_v2_exact_endpoint,4a321e4140484f274f5b6fa29d763d163fc4b6049743cfa5b35266e3aa4f820a,degree,3,79772,True,cdf46f407aa3ac3a4e6b0a63292cbfb34530233fad95609d62e65c3f839abbc9,20283106
road,Ho Chi Minh City,Ho Chi Minh City,40466,51958,2.567982998072456,0.5059497146863499,0.7788213557103815,0.6259101793107459,0.53,0.525,0.5325,False,0,0.0025,256,1000,2.4712103988533584e-05,0.9673800227351356,0.3212820639549251,10696,canonical_v2_exact_endpoint,8687b876aad2ebf2f3544c09e61dbe0084498b8528b11b33176c5376014c9c5d,degree,0,103916,True,78f935f3ddb212dfe944c6929b8ae64411f5f2ac5787b7f2459a882e41c29c26,20307951
road,Ho Chi Minh City,Ho Chi Minh City,40466,51958,2.567982998072456,0.5059497146863499,0.7788213557103815,0.6259101793107459,0.5275,0.525,0.535,False,0,0.0025,256,1000,2.4712103988533584e-05,0.9684179311026536,0.3263233331685859,10779,canonical_v2_exact_endpoint,8687b876aad2ebf2f3544c09e61dbe0084498b8528b11b33176c5376014c9c5d,degree,1,103916,True,9649d8dff23c7f30a1da1b37a265cae002653824b88f43680b6ff25de2000ced,20307981
road,Ho Chi Minh City,Ho Chi Minh City,40466,51958,2.567982998072456,0.5059497146863499,0.7788213557103815,0.6259101793107459,0.53,0.5275,0.535,False,0,0.0025,256,1000,2.4712103988533584e-05,0.9678001285029404,0.319749913507636,10701,canonical_v2_exact_endpoint,8687b876aad2ebf2f3544c09e61dbe0084498b8528b11b33176c5376014c9c5d,degree,2,103916,True,39bbfc8e0c6be792ffd26b67c4bca7bc153cf72161469b52998cba6b295e834c,20308011
road,Ho Chi Minh City,Ho Chi Minh City,40466,51958,2.567982998072456,0.5059497146863499,0.7788213557103815,0.6259101793107459,0.53,0.5225,0.53,False,0,0.0025,256,1000,2.4712103988533584e-05,0.9686403400385508,0.3351208421885039,10856,canonical_v2_exact_endpoint,8687b876aad2ebf2f3544c09e61dbe0084498b8528b11b33176c5376014c9c5d,degree,3,103916,True,b3fc6609d2c85f88ecbba40b0651a1b42063f181f34ab9dea8c7fbeb0d381224,20308041
road,Hong Kong,Hong Kong,9035,13245,2.931931377974544,0.4651775366136339,0.6821442053605135,0.6214976093972292,0.5,0.495,0.5025000000000001,False,0,0.0025,256,1000,0.0001106806862202,0.9949086884338686,0.1103486441615938,919,canonical_v2_exact_endpoint,8c450ae99e1d49537e3fe46c4f3b09a708194b8e3a26ee2ab24260144f99ea54,degree,0,26490,True,59e606d6a58dec79f0cecbf450e00f44c670b572e863f2a870f978aa8bf7d934,20290862
road,Hong Kong,Hong Kong,9035,13245,2.931931377974544,0.4651775366136339,0.6821442053605135,0.6214976093972292,0.5,0.495,0.5025000000000001,False,0,0.0025,256,1000,0.0001106806862202,0.9953514111787491,0.1144438295517432,936,canonical_v2_exact_endpoint,8c450ae99e1d49537e3fe46c4f3b09a708194b8e3a26ee2ab24260144f99ea54,degree,1,26490,True,b535ffaeb173eaaa20c5bbb1ca2b8e80dca70e56855732828b685ebac4afd83b,20290885
road,Hong Kong,Hong Kong,9035,13245,2.931931377974544,0.4651775366136339,0.6821442053605135,0.6214976093972292,0.5,0.4925,0.505,False,0,0.0025,256,1000,0.0001106806862202,0.9966795794133924,0.1124515771997786,937,canonical_v2_exact_endpoint,8c450ae99e1d49537e3fe46c4f3b09a708194b8e3a26ee2ab24260144f99ea54,degree,2,26490,True,c893ea6ad31d11d6052be552e074b9686e1e8ffa5a8b4e559a1c95ff06b52a36,20290908
road,Hong Kong,Hong Kong,9035,13245,2.931931377974544,0.4651775366136339,0.6821442053605135,0.6214976093972292,0.495,0.4925,0.5025000000000001,False,0,0.0025,256,1000,0.0001106806862202,0.99579413392363,0.1124515771997786,931,canonical_v2_exact_endpoint,8c450ae99e1d49537e3fe46c4f3b09a708194b8e3a26ee2ab24260144f99ea54,degree,3,26490,True,3f3c6bedc9cb9b572c6109963951473c59c4525a9e63088abbbb108cb4ffdbbf,20290931
road,Hyderabad,Hyderabad,98461,132094,2.683174048608078,0.4881558622014944,0.7453858615834179,0.6225261371164539,0.5075000000000001,0.5,0.5075000000000001,False,0,0.0025,256,1000,1.0156305542295934e-05,0.9786717583611786,0.2627537806847381,22211,canonical_v2_exact_endpoint,e4231c8b15f318853b5383dfc47cc6714ae0597f46f38eb309dd665fd8221603,degree,0,264188,True,ed4fd61fdc05463e21032386b85352af62af722dbf3cddee00d46934976a9de4,20291177
road,Hyderabad,Hyderabad,98461,132094,2.683174048608078,0.4881558622014944,0.7453858615834179,0.6225261371164539,0.505,0.5025000000000001,0.505,False,0,0.0025,256,1000,1.0156305542295934e-05,0.9781233178618948,0.2568529671646641,22032,canonical_v2_exact_endpoint,e4231c8b15f318853b5383dfc47cc6714ae0597f46f38eb309dd665fd8221603,degree,1,264188,True,ade72a4a9abc75b5e8cd85d2689d9a690abdd1f41845b75aa2d831f02beab59f,20291200
road,Hyderabad,Hyderabad,98461,132094,2.683174048608078,0.4881558622014944,0.7453858615834179,0.6225261371164539,0.5025000000000001,0.5,0.5075000000000001,False,0,0.0025,256,1000,1.0156305542295934e-05,0.9777881597789992,0.2596865764109647,22069,canonical_v2_exact_endpoint,e4231c8b15f318853b5383dfc47cc6714ae0597f46f38eb309dd665fd8221603,degree,2,264188,True,1ceab478e66aa774cb0cf09983db8c8bb2222a892782d19c46937d325a28678b,20291223
road,Hyderabad,Hyderabad,98461,132094,2.683174048608078,0.4881558622014944,0.7453858615834179,0.6225261371164539,0.505,0.5025000000000001,0.5075000000000001,False,0,0.0025,256,1000,1.0156305542295934e-05,0.978864728166482,0.2621951838799118,22202,canonical_v2_exact_endpoint,e4231c8b15f318853b5383dfc47cc6714ae0597f46f38eb309dd665fd8221603,degree,3,264188,True,b4ad8111b43754ab26a9b9f87402fd3accb17247a40b1a94cd3614bd26edcc20,20291246
road,Istanbul,Istanbul,48682,72909,2.995316544102543,0.4613033850047454,0.667709061981374,0.6246312322524161,0.4775,0.475,0.4825,False,0,0.0025,256,1000,2.0541473234460376e-05,0.9981307259356638,0.0843843720471632,3891,canonical_v2_exact_endpoint,eec3a6dbbdcd00ad23b67c1f9091e15b935660f56c8cfe1f00ddc54c0b80a322,degree,0,145818,True,dc1271da6dd10431a7e0b60c87f2dfaa7d7ee89d7a3041c8771e95889ec64906,20289391
road,Istanbul,Istanbul,48682,72909,2.995316544102543,0.4613033850047454,0.667709061981374,0.6246312322524161,0.48,0.475,0.485,False,0,0.0025,256,1000,2.0541473234460376e-05,0.9974117743724578,0.0829875518672199,3846,canonical_v2_exact_endpoint,eec3a6dbbdcd00ad23b67c1f9091e15b935660f56c8cfe1f00ddc54c0b80a322,degree,1,145818,True,5ba8dd18d87955e23f366b98d9c1c0091b1590cbf71fecb6f4073065d85a52e4,20289413
road,Istanbul,Istanbul,48682,72909,2.995316544102543,0.4613033850047454,0.667709061981374,0.6246312322524161,0.48,0.4775,0.4825,False,0,0.0025,256,1000,2.0541473234460376e-05,0.9980074770962571,0.0842611232077564,3886,canonical_v2_exact_endpoint,eec3a6dbbdcd00ad23b67c1f9091e15b935660f56c8cfe1f00ddc54c0b80a322,degree,2,145818,True,907b0c1beef03cc1ed6e7c85e0bf1f5c30d13eb73dae973c88405352d1a15936,20289435
road,Istanbul,Istanbul,48682,72909,2.995316544102543,0.4613033850047454,0.667709061981374,0.6246312322524161,0.4825,0.475,0.485,False,0,0.0025,256,1000,2.0541473234460376e-05,0.9979869356230232,0.0833778398586746,3870,canonical_v2_exact_endpoint,eec3a6dbbdcd00ad23b67c1f9091e15b935660f56c8cfe1f00ddc54c0b80a322,degree,3,145818,True,d1b5f1c5f1552c20b70e770a81a5bb23d8dc1623885e72253825b84c1fd8c365,20289457
road,Jakarta,Jakarta,50166,65445,2.609137662958976,0.512325721577254,0.7665367866147147,0.6339062913771359,0.53,0.53,0.535,False,0,0.0025,256,1000,1.993381971853446e-05,0.976657497109596,0.2759837340031096,11626,canonical_v2_exact_endpoint,d59d38ad96562a8ea8ea6eb9efcfc96393a754eea73f17cea49fbc37d4a9e8c2,degree,0,130890,True,bbcca2c43a83e8987cc8c529c5209ab7e4e476015962c3676df314da05227eb4,20287009
road,Jakarta,Jakarta,50166,65445,2.609137662958976,0.512325721577254,0.7665367866147147,0.6339062913771359,0.5325,0.53,0.5375,False,0,0.0025,256,1000,1.993381971853446e-05,0.9773153131603076,0.2769405573495993,11638,canonical_v2_exact_endpoint,d59d38ad96562a8ea8ea6eb9efcfc96393a754eea73f17cea49fbc37d4a9e8c2,degree,1,130890,True,a95fb03cbb4fdcdf4fcc4f856db7cd2d062e5d5aae3e8f18002a58a17bd25e4e,20287030
road,Jakarta,Jakarta,50166,65445,2.609137662958976,0.512325721577254,0.7665367866147147,0.6339062913771359,0.535,0.53,0.5375,False,0,0.0025,256,1000,1.993381971853446e-05,0.9773551807997446,0.2790734760594825,11678,canonical_v2_exact_endpoint,d59d38ad96562a8ea8ea6eb9efcfc96393a754eea73f17cea49fbc37d4a9e8c2,degree,2,130890,True,f6f1cf7e5add719181d488f60615f3ef3d058ba09af4879224553a6384362b1f,20287051
road,Jakarta,Jakarta,50166,65445,2.609137662958976,0.512325721577254,0.7665367866147147,0.6339062913771359,0.5325,0.53,0.54,False,0,0.0025,256,1000,1.993381971853446e-05,0.9755013355659212,0.2810070565721803,11635,canonical_v2_exact_endpoint,d59d38ad96562a8ea8ea6eb9efcfc96393a754eea73f17cea49fbc37d4a9e8c2,degree,3,130890,True,5a7723283e5aa812d6d8252a21e60e29cfc73ab696c60b0f91a70ef51ab21877,20287072
road,Johannesburg,Johannesburg,22312,32632,2.9250627465041235,0.454250595097234,0.6837460161804364,0.611139872298325,0.4775,0.475,0.485,False,0,0.0025,256,1000,4.481893151667265e-05,0.9922015059160992,0.1495159555396199,3070,canonical_v2_exact_endpoint,4f091fc0d64c7e37ebb8bf87212b572e814d05a9e39d7fd528eafc7620690a88,degree,0,65264,True,6b5742faa36c593745797df5e40194bf4c564cf1463649de291e161bd6b2a208,20299142
road,Johannesburg,Johannesburg,22312,32632,2.9250627465041235,0.454250595097234,0.6837460161804364,0.611139872298325,0.4775,0.475,0.48,False,0,0.0025,256,1000,4.481893151667265e-05,0.9940390821082824,0.1519361778415202,3122,canonical_v2_exact_endpoint,4f091fc0d64c7e37ebb8bf87212b572e814d05a9e39d7fd528eafc7620690a88,degree,1,65264,True,fdb026374098e2220f888d37b1ed839def6492924bf1feea30ed29bb0320fc64,20299168
road,Johannesburg,Johannesburg,22312,32632,2.9250627465041235,0.454250595097234,0.6837460161804364,0.611139872298325,0.48,0.4775,0.4825,False,0,0.0025,256,1000,4.481893151667265e-05,0.9924704195051992,0.1507260666905701,3086,canonical_v2_exact_endpoint,4f091fc0d64c7e37ebb8bf87212b572e814d05a9e39d7fd528eafc7620690a88,degree,2,65264,True,7187749cf2b737bc208d736722e95ac02ccf89f85a7cd264e9341bbe16f90f99,20299194
road,Johannesburg,Johannesburg,22312,32632,2.9250627465041235,0.454250595097234,0.6837460161804364,0.611139872298325,0.4775,0.475,0.485,False,0,0.0025,256,1000,4.481893151667265e-05,0.992918608820366,0.1509053424166367,3102,canonical_v2_exact_endpoint,4f091fc0d64c7e37ebb8bf87212b572e814d05a9e39d7fd528eafc7620690a88,degree,3,65264,True,c32050c8a47e87a34a954304532a0fbd095107a7c5d93444bfbc856d5843995d,20299220
road,Kampala,Kampala,35927,41391,2.3041723494864588,0.574452139397388,0.8679906259814936,0.6442676492938583,0.5975,0.595,0.605,False,0,0.0025,256,1000,2.7834219389317228e-05,0.9283825535112872,0.5012942912016033,12485,canonical_v2_exact_endpoint,a3fdf2484e3d4125bab8164f7b70b3bba13444fbc8d8db4d5b040bd21d48250c,degree,0,82782,True,ce6990f07f1f9c9d326b00fe075d5c72ed89d0b1390ab4e70aacdbfef9ff4117,20286908
road,Kampala,Kampala,35927,41391,2.3041723494864588,0.574452139397388,0.8679906259814936,0.6442676492938583,0.6025,0.6,0.6075,False,0,0.0025,256,1000,2.7834219389317228e-05,0.93191749937373,0.4938347204052662,12592,canonical_v2_exact_endpoint,a3fdf2484e3d4125bab8164f7b70b3bba13444fbc8d8db4d5b040bd21d48250c,degree,1,82782,True,d90d23410a932ae35738330029606237571c7dda46a307dd24e82441a882fb47,20286929
road,Kampala,Kampala,35927,41391,2.3041723494864588,0.574452139397388,0.8679906259814936,0.6442676492938583,0.6,0.595,0.61,False,0,0.0025,256,1000,2.7834219389317228e-05,0.9277702006847216,0.4845937595680129,12355,canonical_v2_exact_endpoint,a3fdf2484e3d4125bab8164f7b70b3bba13444fbc8d8db4d5b040bd21d48250c,degree,2,82782,True,4b698cf457dc75f9d13e886348700e2734ccca1175658e40e8bb6a838362ccf8,20286950
road,Kampala,Kampala,35927,41391,2.3041723494864588,0.574452139397388,0.8679906259814936,0.6442676492938583,0.6,0.5975,0.61,False,0,0.0025,256,1000,2.7834219389317228e-05,0.9301639435522032,0.500737606813817,12548,canonical_v2_exact_endpoint,a3fdf2484e3d4125bab8164f7b70b3bba13444fbc8d8db4d5b040bd21d48250c,degree,3,82782,True,bc4e84dc059439d1e9b08230a25d84bac044320f922adc100de02428dfa05cf2,20286971
road,Karachi,Karachi,52156,78992,3.0290666462152007,0.4466206054300997,0.66026939436905,0.6130062683845439,0.465,0.4625,0.4675,False,0,0.0025,256,1000,1.9173249482322263e-05,0.9963762558478408,0.1033821612086816,5085,canonical_v2_exact_endpoint,345bd7c3f4e02b299a268bf152f0f49a4cfd3c52f69f9f4d5eff1283f4b71a48,degree,0,157984,True,df970fd3669c66b8826c5e79a208b938b4756068dbc5106f42e94a2c16190160,20286885
road,Karachi,Karachi,52156,78992,3.0290666462152007,0.4466206054300997,0.66026939436905,0.6130062683845439,0.4675,0.4625,0.47,False,0,0.0025,256,1000,1.9173249482322263e-05,0.9964721220952524,0.1022892859881892,5062,canonical_v2_exact_endpoint,345bd7c3f4e02b299a268bf152f0f49a4cfd3c52f69f9f4d5eff1283f4b71a48,degree,1,157984,True,bcc117fe8ef7377b33a642c39f3e78a163b159836aed7c33c0832a85e234f2c1,20286906
road,Karachi,Karachi,52156,78992,3.0290666462152007,0.4466206054300997,0.66026939436905,0.6130062683845439,0.465,0.46,0.4675,False,0,0.0025,256,1000,1.9173249482322263e-05,0.9969322800828286,0.1036889332003988,5102,canonical_v2_exact_endpoint,345bd7c3f4e02b299a268bf152f0f49a4cfd3c52f69f9f4d5eff1283f4b71a48,degree,2,157984,True,88655e309a1026a5fb082c5e3c32ce303cced012af01411450dc8fa452143065,20286927
road,Karachi,Karachi,52156,78992,3.0290666462152007,0.4466206054300997,0.66026939436905,0.6130062683845439,0.4625,0.4625,0.4675,False,0,0.0025,256,1000,1.9173249482322263e-05,0.9970856660786872,0.1036889332003988,5113,canonical_v2_exact_endpoint,345bd7c3f4e02b299a268bf152f0f49a4cfd3c52f69f9f4d5eff1283f4b71a48,degree,3,157984,True,9f802c4041cf56a65b9e8761690f3c60ded043c305f80121a3efef0bc208aa35,20286948
road,Kuala Lumpur,Kuala Lumpur,37213,50999,2.74092387069035,0.4969016115517276,0.7296809741367478,0.6335353536428462,0.52,0.5125,0.5225,False,0,0.0025,256,1000,2.687232956224976e-05,0.9881224303334852,0.1944481767124392,6290,canonical_v2_exact_endpoint,49b7553a44a7eb0148643d5a81a8b7ab648c1a4225da6cb8aaab15e1173468b7,degree,0,101998,True,3a28b1ce041bbc34c32f31ca78278ddcc54d0b332e2f8f1bff92f28900e9c8c3,20298669
road,Kuala Lumpur,Kuala Lumpur,37213,50999,2.74092387069035,0.4969016115517276,0.7296809741367478,0.6335353536428462,0.52,0.5175,0.52,False,0,0.0025,256,1000,2.687232956224976e-05,0.9884986429473572,0.1912772418240937,6276,canonical_v2_exact_endpoint,49b7553a44a7eb0148643d5a81a8b7ab648c1a4225da6cb8aaab15e1173468b7,degree,1,101998,True,75905869bc8d03604cf08f786b714b93bd244372843058fbcd9fdef2397115bc,20298695
road,Kuala Lumpur,Kuala Lumpur,37213,50999,2.74092387069035,0.4969016115517276,0.7296809741367478,0.6335353536428462,0.5175,0.515,0.5225,False,0,0.0025,256,1000,2.687232956224976e-05,0.9893854298229116,0.1932926665412624,6315,canonical_v2_exact_endpoint,49b7553a44a7eb0148643d5a81a8b7ab648c1a4225da6cb8aaab15e1173468b7,degree,2,101998,True,13d0b3dfc05b326d86715b8bb1bf0df51b17a65bebbd39a4769110241c72d908,20298721
road,Kuala Lumpur,Kuala Lumpur,37213,50999,2.74092387069035,0.4969016115517276,0.7296809741367478,0.6335353536428462,0.5175,0.515,0.52,False,0,0.0025,256,1000,2.687232956224976e-05,0.9894123021524736,0.1943406873941902,6327,canonical_v2_exact_endpoint,49b7553a44a7eb0148643d5a81a8b7ab648c1a4225da6cb8aaab15e1173468b7,degree,3,101998,True,e81ecc48151a423e2625c15334722ebf4483c78bdf8fe5a1e56000f8a882b950,20298747
road,Lagos,Lagos,13226,17952,2.7146529562982007,0.4953369019369792,0.7367424242424242,0.6306685916449754,0.52,0.5175,0.5275,False,0,0.0025,256,1000,7.560864962951764e-05,0.9862392257674276,0.2294722516255859,2594,canonical_v2_exact_endpoint,c2a9d25f86f9b3ca4fd33a84ae643503972c6868a893966ba48b9e5af72f2436,degree,0,35904,True,695810d79b115b83a0588c53bad6cbca09b59248963b619459b5f01ab2b4d979,20283117
road,Lagos,Lagos,13226,17952,2.7146529562982007,0.4953369019369792,0.7367424242424242,0.6306685916449754,0.5275,0.5225,0.5325,False,0,0.0025,256,1000,7.560864962951764e-05,0.9851050960229846,0.2194919098744896,2550,canonical_v2_exact_endpoint,c2a9d25f86f9b3ca4fd33a84ae643503972c6868a893966ba48b9e5af72f2436,degree,1,35904,True,053b3a2b5b05ef9949c6f873fca75766451c22d9f69fc7e84abcb4ccd09235a9,20283136
road,Lagos,Lagos,13226,17952,2.7146529562982007,0.4953369019369792,0.7367424242424242,0.6306685916449754,0.525,0.52,0.53,False,0,0.0025,256,1000,7.560864962951764e-05,0.9844246181763197,0.2208528655678209,2546,canonical_v2_exact_endpoint,c2a9d25f86f9b3ca4fd33a84ae643503972c6868a893966ba48b9e5af72f2436,degree,2,35904,True,42e4e6a43323aeee2ccde7817f73cce33e236e9b8b3a59520ee276a769ad0c2a,20283155
road,Lagos,Lagos,13226,17952,2.7146529562982007,0.4953369019369792,0.7367424242424242,0.6306685916449754,0.5225,0.52,0.53,False,0,0.0025,256,1000,7.560864962951764e-05,0.984953878723726,0.2194919098744896,2541,canonical_v2_exact_endpoint,c2a9d25f86f9b3ca4fd33a84ae643503972c6868a893966ba48b9e5af72f2436,degree,3,35904,True,3201565af33a1487a1982abc2824a683b28255cf11d7e8c43f394eb39f6e22cd,20283174
road,Lima,Lima,49410,75796,3.068042906294272,0.4428345242198864,0.6518813657712809,0.6125704528909682,0.4625,0.4575,0.465,False,0,0.0025,256,1000,2.023881805302571e-05,0.9977332523780612,0.0844363489172232,4016,canonical_v2_exact_endpoint,b12039ffd98f2fe4818b976b056335d9772a079095451454f90b51260e99343a,degree,0,151592,True,53cddf994cc413f8893ff152975e6c4d1897cd065e6a9c32aeb2a98c8782c6d1,20281161
road,Lima,Lima,49410,75796,3.068042906294272,0.4428345242198864,0.6518813657712809,0.6125704528909682,0.46,0.4575,0.4625,False,0,0.0025,256,1000,2.023881805302571e-05,0.9971058490184176,0.0839303784658976,3986,canonical_v2_exact_endpoint,b12039ffd98f2fe4818b976b056335d9772a079095451454f90b51260e99343a,degree,1,151592,True,41ae891c2fd5a1e83db0b8846cab33a67934bb5b1e34fe4b09eff7195eeb1450,20281179
road,Lima,Lima,49410,75796,3.068042906294272,0.4428345242198864,0.6518813657712809,0.6125704528909682,0.46,0.46,0.4625,False,0,0.0025,256,1000,2.023881805302571e-05,0.9983404169196516,0.0855494839101396,4052,canonical_v2_exact_endpoint,b12039ffd98f2fe4818b976b056335d9772a079095451454f90b51260e99343a,degree,2,151592,True,7e8caaa8ca72f5b78119fe39d4c6e0f7207e624f278c5bf05e7b250a7fa46637,20281197
road,Lima,Lima,49410,75796,3.068042906294272,0.4428345242198864,0.6518813657712809,0.6125704528909682,0.4625,0.4575,0.465,False,0,0.0025,256,1000,2.023881805302571e-05,0.9979761181946976,0.0860554543614652,4050,canonical_v2_exact_endpoint,b12039ffd98f2fe4818b976b056335d9772a079095451454f90b51260e99343a,degree,3,151592,True,45ecc5ae714953e969fbfb454fed7ca10d678b7232ec931f185a869b70cbe968,20281215
road,Lisbon,Lisbon,26686,36745,2.7538784381323542,0.4955161486076462,0.7262484691794802,0.63267552802825,0.5175,0.515,0.5275,False,0,0.0025,256,1000,3.747283219665742e-05,0.9901446451322792,0.1830547852806715,4231,canonical_v2_exact_endpoint,488bc6782067aa70f97242af41f9389b8b68e3725d7fcf1e2633d3e5eae2343f,degree,0,73490,True,fde1a6e64806842459914cfed0ab2110c64773da9fbd3ee75bb4f2debd686ebe,20285106
road,Lisbon,Lisbon,26686,36745,2.7538784381323542,0.4955161486076462,0.7262484691794802,0.63267552802825,0.5175,0.515,0.525,False,0,0.0025,256,1000,3.747283219665742e-05,0.9896200254815262,0.1795698118863823,4200,canonical_v2_exact_endpoint,488bc6782067aa70f97242af41f9389b8b68e3725d7fcf1e2633d3e5eae2343f,degree,1,73490,True,04926b7843e79cf68a8e55b0cb898da9d4aa63f47fa34ce0e84ebda626f34e1d,20285126
road,Lisbon,Lisbon,26686,36745,2.7538784381323542,0.4955161486076462,0.7262484691794802,0.63267552802825,0.52,0.52,0.5225,False,0,0.0025,256,1000,3.747283219665742e-05,0.9908566289440158,0.182455219965525,4243,canonical_v2_exact_endpoint,488bc6782067aa70f97242af41f9389b8b68e3725d7fcf1e2633d3e5eae2343f,degree,2,73490,True,a9b3958f9ec54d4f6fe0c4c77dcd71842685127ec713c5143b2338dd14d85c73,20285146
road,Lisbon,Lisbon,26686,36745,2.7538784381323542,0.4955161486076462,0.7262484691794802,0.63267552802825,0.52,0.5175,0.5225,False,0,0.0025,256,1000,3.747283219665742e-05,0.9916060855879484,0.1821929101401483,4246,canonical_v2_exact_endpoint,488bc6782067aa70f97242af41f9389b8b68e3725d7fcf1e2633d3e5eae2343f,degree,3,73490,True,ad8c2fa7a0b62468c938a1ee362f634544673b6ea25573624cb7ab7cc06fae7a,20285166
road,London,London,48353,62602,2.589373978863773,0.5199847165924646,0.772387463659308,0.6354558633895055,0.54,0.5375,0.5425,False,0,0.0025,256,1000,2.068124004715322e-05,0.9779537981097344,0.2801480776787376,11064,canonical_v2_exact_endpoint,8f49355676baa87af47d44e42bfbf0f77547d73bc9a1e8dfbc595d3458d54992,degree,0,125204,True,423ce517cbe7ecf1f21f340dc1480550faaa81ff39cdc48960bbdb0e42fb0fdb,20285126
road,London,London,48353,62602,2.589373978863773,0.5199847165924646,0.772387463659308,0.6354558633895055,0.54,0.5375,0.545,False,0,0.0025,256,1000,2.068124004715322e-05,0.9770231423076124,0.2784935784749653,10999,canonical_v2_exact_endpoint,8f49355676baa87af47d44e42bfbf0f77547d73bc9a1e8dfbc595d3458d54992,degree,1,125204,True,26f92fabc2216385fd7c2b071e0a8591189ba3f31bea801533488807dbc367b2,20285146
road,London,London,48353,62602,2.589373978863773,0.5199847165924646,0.772387463659308,0.6354558633895055,0.545,0.535,0.545,False,0,0.0025,256,1000,2.068124004715322e-05,0.9773954046284618,0.2809753272806237,11071,canonical_v2_exact_endpoint,8f49355676baa87af47d44e42bfbf0f77547d73bc9a1e8dfbc595d3458d54992,degree,2,125204,True,b835804659cb3ada89646a96cf3ee4da124ec23a1558b0f967838b756a834071,20285166
road,London,London,48353,62602,2.589373978863773,0.5199847165924646,0.772387463659308,0.6354558633895055,0.54,0.5375,0.55,False,0,0.0025,256,1000,2.068124004715322e-05,0.9781606105102064,0.2811200959609538,11065,canonical_v2_exact_endpoint,8f49355676baa87af47d44e42bfbf0f77547d73bc9a1e8dfbc595d3458d54992,degree,3,125204,True,623e82a7067cce59429c686decc196c3b3b833a5f8120e33212d3445e538a512,20285186
road,Los Angeles,Los Angeles,22280,34611,3.106912028725314,0.4249303262083952,0.6437259830689666,0.5965189729036939,0.455,0.445,0.455,False,0,0.0025,256,1000,4.488330341113108e-05,0.9972172351885096,0.1060143626570915,2246,canonical_v2_exact_endpoint,219b208ac41716e10e50a12f340935f4a88b22a4a28fb7b189651f09e882a4de,degree,0,69222,True,bd99c4148b366629a01ba3ed7e13936635021ca8b22ed1af94397fc2063d3f15,20295750
road,Los Angeles,Los Angeles,22280,34611,3.106912028725314,0.4249303262083952,0.6437259830689666,0.5965189729036939,0.45,0.445,0.45,False,0,0.0025,256,1000,4.488330341113108e-05,0.9977109515260326,0.1082136445242369,2268,canonical_v2_exact_endpoint,219b208ac41716e10e50a12f340935f4a88b22a4a28fb7b189651f09e882a4de,degree,1,69222,True,75a19ae8c60f7a11583b66603cd97e778ee5d477dfe455e50e4a08c8bd9bf3c6,20295775
road,Los Angeles,Los Angeles,22280,34611,3.106912028725314,0.4249303262083952,0.6437259830689666,0.5965189729036939,0.45,0.445,0.4525,False,0,0.0025,256,1000,4.488330341113108e-05,0.99640933572711,0.1061041292639138,2233,canonical_v2_exact_endpoint,219b208ac41716e10e50a12f340935f4a88b22a4a28fb7b189651f09e882a4de,degree,2,69222,True,7d1a86584e0e38678952d7a6cc2a1a3e4b21b0bac7e2e01a2c2b86c000b05b83,20295800
road,Los Angeles,Los Angeles,22280,34611,3.106912028725314,0.4249303262083952,0.6437259830689666,0.5965189729036939,0.45,0.45,0.4525,False,0,0.0025,256,1000,4.488330341113108e-05,0.9969030520646316,0.1050269299820466,2233,canonical_v2_exact_endpoint,219b208ac41716e10e50a12f340935f4a88b22a4a28fb7b189651f09e882a4de,degree,3,69222,True,92d3f12fa05a4a563bea070d49b06af4ec920ddd102fb91dfc0743b8011b4846,20295825
road,Manila,Manila,25142,36895,2.934929599872723,0.4492979529208324,0.6814473505895108,0.6085482861173116,0.4725,0.47,0.4775,False,0,0.0025,256,1000,3.977408320738208e-05,0.9922440537745608,0.1551984726752048,3608,canonical_v2_exact_endpoint,7645e8072f89f7935b5e2be2cde714a704cf2c1665b04dda8aaa69a16c1ce922,degree,0,73790,True,1c5e9ea3f9898adb4130e4d069f485296d6328f500e071878efbc501e6cf6008,20284906
road,Manila,Manila,25142,36895,2.934929599872723,0.4492979529208324,0.6814473505895108,0.6085482861173116,0.47,0.47,0.475,False,0,0.0025,256,1000,3.977408320738208e-05,0.9933975021875748,0.1569485323363296,3643,canonical_v2_exact_endpoint,7645e8072f89f7935b5e2be2cde714a704cf2c1665b04dda8aaa69a16c1ce922,degree,1,73790,True,5642630e5c01199841cd84e5b96c506422fa7d673cca5962aa7b159b2b5bc908,20284926
road,Manila,Manila,25142,36895,2.934929599872723,0.4492979529208324,0.6814473505895108,0.6085482861173116,0.4725,0.47,0.475,False,0,0.0025,256,1000,3.977408320738208e-05,0.9915678943600348,0.1546416355103015,3597,canonical_v2_exact_endpoint,7645e8072f89f7935b5e2be2cde714a704cf2c1665b04dda8aaa69a16c1ce922,degree,2,73790,True,49a3e62913c972849b9546299be920ecd286a781dcf3658135119d760853dd52,20284946
road,Manila,Manila,25142,36895,2.934929599872723,0.4492979529208324,0.6814473505895108,0.6085482861173116,0.4725,0.4675,0.475,False,0,0.0025,256,1000,3.977408320738208e-05,0.992283827857768,0.1562723729218041,3620,canonical_v2_exact_endpoint,7645e8072f89f7935b5e2be2cde714a704cf2c1665b04dda8aaa69a16c1ce922,degree,3,73790,True,40e0809288a1f537ef06061466cb51d9ffa42a3184527aa3e83b8311fc08fd18,20284966
road,Melbourne,Melbourne,35052,51621,2.9453954125299555,0.4686087256486138,0.6790259777997326,0.6267534266124408,0.4875,0.4875,0.495,False,0,0.0025,256,1000,2.852904256533149e-05,0.996633572977291,0.1008786945110122,3305,canonical_v2_exact_endpoint,b1949e34636d16072868fc476e33eed55b5af66885f7558fdf14b8a00254fe6f,degree,0,103242,True,6bdedd3cfb456407f9a6f59da7c9048f843b1eb0f95e8d3fe369be40afed281d,20291669
road,Melbourne,Melbourne,35052,51621,2.9453954125299555,0.4686087256486138,0.6790259777997326,0.6267534266124408,0.49,0.4875,0.4925,False,0,0.0025,256,1000,2.852904256533149e-05,0.9964623987218992,0.1003366427022709,3288,canonical_v2_exact_endpoint,b1949e34636d16072868fc476e33eed55b5af66885f7558fdf14b8a00254fe6f,degree,1,103242,True,cb55cdb22146199bfd05bec80d8c291d830c4bb12631b91fb37482743be1eec5,20291692
road,Melbourne,Melbourne,35052,51621,2.9453954125299555,0.4686087256486138,0.6790259777997326,0.6267534266124408,0.4875,0.485,0.49,False,0,0.0025,256,1000,2.852904256533149e-05,0.996405340636768,0.1008501654684468,3301,canonical_v2_exact_endpoint,b1949e34636d16072868fc476e33eed55b5af66885f7558fdf14b8a00254fe6f,degree,2,103242,True,86aad933a754adba655a43fd194f0d30bf9a063b26f2214012ce4ecfaf8e42c5,20291715
road,Melbourne,Melbourne,35052,51621,2.9453954125299555,0.4686087256486138,0.6790259777997326,0.6267534266124408,0.49,0.485,0.4925,False,0,0.0025,256,1000,2.852904256533149e-05,0.9978317927650352,0.1016489786602761,3339,canonical_v2_exact_endpoint,b1949e34636d16072868fc476e33eed55b5af66885f7558fdf14b8a00254fe6f,degree,3,103242,True,47aec8e245cebfc8210e1fe8daba10ca0f3ae35b70fd0956b03a079ba7531fdd,20291738
road,Mexico City,Mexico City,59012,90635,3.0717481190266387,0.4265999557561695,0.6510950515805153,0.5962211342997888,0.445,0.4425,0.4475,False,0,0.0025,256,1000,1.694570595811021e-05,0.9954077136853524,0.1259065952687589,7003,canonical_v2_exact_endpoint,5ddbbd7846d723b1f438609e14bcf42b2e49075c3d4d3015c000115028bbeb71,degree,0,181270,True,ba90e95ad2efbba02023c3a1f40a8493677817af43417962c39430093e44d175,20295815
road,Mexico City,Mexico City,59012,90635,3.0717481190266387,0.4265999557561695,0.6510950515805153,0.5962211342997888,0.4425,0.4425,0.445,False,0,0.0025,256,1000,1.694570595811021e-05,0.995373822273436,0.1265674778011252,7016,canonical_v2_exact_endpoint,5ddbbd7846d723b1f438609e14bcf42b2e49075c3d4d3015c000115028bbeb71,degree,1,181270,True,c310a4e4ff8df5b8f4214cf2eb862b673effb81cf578f7fe6afd417a4e3748fc,20295840
road,Mexico City,Mexico City,59012,90635,3.0717481190266387,0.4265999557561695,0.6510950515805153,0.5962211342997888,0.4425,0.44,0.4475,False,0,0.0025,256,1000,1.694570595811021e-05,0.995831356334305,0.1265844235070833,7033,canonical_v2_exact_endpoint,5ddbbd7846d723b1f438609e14bcf42b2e49075c3d4d3015c000115028bbeb71,degree,2,181270,True,b76523a17c88a700ba84ad4cf578e2e35ae66cf2844d411a680f51678982a29f,20295865
road,Mexico City,Mexico City,59012,90635,3.0717481190266387,0.4265999557561695,0.6510950515805153,0.5962211342997888,0.4425,0.44,0.445,False,0,0.0025,256,1000,1.694570595811021e-05,0.9952552023317288,0.1257540839151359,6996,canonical_v2_exact_endpoint,5ddbbd7846d723b1f438609e14bcf42b2e49075c3d4d3015c000115028bbeb71,degree,3,181270,True,3eede01fb498591d8cbf1a35e0d45a2ac4b14fcf80ebee5fba511992f7025f48,20295890
road,Miami,Miami,17983,28736,3.1959072457320805,0.4188310741874362,0.6258003897550111,0.5964458763612537,0.445,0.44,0.445,False,0,0.0025,256,1000,5.560807429238728e-05,0.9985541900683984,0.0663960407051103,1153,canonical_v2_exact_endpoint,fd21fa456eaea9f49daad4426115d8267bc44b46bbe9b58a5a39830d12f1f831,degree,0,57472,True,ac14bdd8820f5907cf939862b958f61f7e7e2041cba4f0663d9e99c0b7d75804,20283013
road,Miami,Miami,17983,28736,3.1959072457320805,0.4188310741874362,0.6258003897550111,0.5964458763612537,0.44,0.44,0.4425,False,0,0.0025,256,1000,5.560807429238728e-05,0.9984429739198132,0.067063337596619,1158,canonical_v2_exact_endpoint,fd21fa456eaea9f49daad4426115d8267bc44b46bbe9b58a5a39830d12f1f831,degree,1,57472,True,2ab1979c9f69554038ece09d81ef9e0c38edf01df41dc98c3c32a4f8a7a92de9,20283032
road,Miami,Miami,17983,28736,3.1959072457320805,0.4188310741874362,0.6258003897550111,0.5964458763612537,0.4425,0.44,0.445,False,0,0.0025,256,1000,5.560807429238728e-05,0.9982761496969362,0.0658399599621865,1147,canonical_v2_exact_endpoint,fd21fa456eaea9f49daad4426115d8267bc44b46bbe9b58a5a39830d12f1f831,degree,2,57472,True,3598eb7fb3a5768909459349044d1562a85165fde7bbcae27b8d35db1379a234,20283051
road,Miami,Miami,17983,28736,3.1959072457320805,0.4188310741874362,0.6258003897550111,0.5964458763612537,0.4425,0.44,0.4475,False,0,0.0025,256,1000,5.560807429238728e-05,0.9983873658455206,0.0662848245565256,1150,canonical_v2_exact_endpoint,fd21fa456eaea9f49daad4426115d8267bc44b46bbe9b58a5a39830d12f1f831,degree,3,57472,True,acea8e5d7cbc9ad0f91275f6e045ac6db40a117228a6a60f0c144c8e96944171,20283070
road,Milan,Milan,25735,38172,2.9665436176413444,0.4648772408417771,0.6741852666876245,0.6252786043555665,0.485,0.4825,0.49,False,0,0.0025,256,1000,3.885758694385079e-05,0.997241111326986,0.0913153293180493,2182,canonical_v2_exact_endpoint,8a510eeeeababe0918e84b94fdeca1af18464ce1e32ea599801b1d50b4e41370,degree,0,76344,True,1e845359656b2b3dafe665347022b8a47872370b976ba0b4ab6a82bcd435c75a,20283043
road,Milan,Milan,25735,38172,2.9665436176413444,0.4648772408417771,0.6741852666876245,0.6252786043555665,0.4875,0.4874374999999999,0.49,False,0,0.0025,256,1000,3.885758694385079e-05,0.998173693413639,0.0884787254711482,2174,canonical_v2_exact_endpoint,8a510eeeeababe0918e84b94fdeca1af18464ce1e32ea599801b1d50b4e41370,degree,1,76344,True,512c2bad64ba81fdaa0c4321f6d7ba3923ad3b47b87c9ed0d169966b82367cda,20283062
road,Milan,Milan,25735,38172,2.9665436176413444,0.4648772408417771,0.6741852666876245,0.6252786043555665,0.485,0.4825,0.4925,False,0,0.0025,256,1000,3.885758694385079e-05,0.9976685447833692,0.0896444530794637,2175,canonical_v2_exact_endpoint,8a510eeeeababe0918e84b94fdeca1af18464ce1e32ea599801b1d50b4e41370,degree,2,76344,True,c15419c299695c9857e22c3b200e1b0880a9cd65b5e8ce5eeba953da403f4348,20283081
road,Milan,Milan,25735,38172,2.9665436176413444,0.4648772408417771,0.6741852666876245,0.6252786043555665,0.49,0.485,0.49,False,0,0.0025,256,1000,3.885758694385079e-05,0.9972022537400425,0.0905381775791723,2178,canonical_v2_exact_endpoint,8a510eeeeababe0918e84b94fdeca1af18464ce1e32ea599801b1d50b4e41370,degree,3,76344,True,d1f655befdde69247e831fc800f96c0f5f684fb87d91d4c5082aa924e2d0a511,20283100
road,Montevideo,Montevideo,13761,22450,3.2628442700385145,0.4069683126676818,0.6129621380846325,0.5861605763055557,0.435,0.4275,0.4375,False,0,0.0025,256,1000,7.266913741733884e-05,0.9984012789768184,0.0699077101954799,926,canonical_v2_exact_endpoint,9ee40968652a95a09602706106415494c580fdffdece75f26c0056f87a424058,degree,0,44900,True,e634d24874c872ea56036bc63a5ba29a2e40669c6348d3d12f5f40eac81879bf,20294039
road,Montevideo,Montevideo,13761,22450,3.2628442700385145,0.4069683126676818,0.6129621380846325,0.5861605763055557,0.43,0.4275,0.4375,False,0,0.0025,256,1000,7.266913741733884e-05,0.9978199258774796,0.0685996657219678,918,canonical_v2_exact_endpoint,9ee40968652a95a09602706106415494c580fdffdece75f26c0056f87a424058,degree,1,44900,True,e92266e09526f5eb0fea12d885fb70fa2951ac398b6dc68888d01c538cbcc2ce,20294063
road,Montevideo,Montevideo,13761,22450,3.2628442700385145,0.4069683126676818,0.6129621380846325,0.5861605763055557,0.43,0.43,0.4375,False,0,0.0025,256,1000,7.266913741733884e-05,0.9985466172516534,0.0696170336458106,929,canonical_v2_exact_endpoint,9ee40968652a95a09602706106415494c580fdffdece75f26c0056f87a424058,degree,2,44900,True,352d658f2b5daab6f15bf7b703d18f7edd3b38fb2c1a2a830013707eaadd5b50,20294087
road,Montevideo,Montevideo,13761,22450,3.2628442700385145,0.4069683126676818,0.6129621380846325,0.5861605763055557,0.4325,0.43,0.435,False,0,0.0025,256,1000,7.266913741733884e-05,0.999127970350992,0.0683089891722985,928,canonical_v2_exact_endpoint,9ee40968652a95a09602706106415494c580fdffdece75f26c0056f87a424058,degree,3,44900,True,1ebc06895c7f1d5aaa85f4f3632e90493053afb308cf4a07cbca4016f44fa084,20294111
road,Montreal,Montreal,20313,32065,3.157091517747256,0.4231662575553621,0.6334944643692499,0.5936174823703804,0.445,0.4425,0.4525,False,0,0.0025,256,1000,4.9229557426278746e-05,0.9984246541623594,0.0689706099542165,1327,canonical_v2_exact_endpoint,fa016fc802965ee9056d5b0f9428501b44c2fee6cc23f869d0f1455a654ec912,degree,0,64130,True,8250e16c44974f37669a0ac6a464d5fbb4d05e1b236445143acf5ecf932acd6a,20289343
road,Montreal,Montreal,20313,32065,3.157091517747256,0.4231662575553621,0.6334944643692499,0.5936174823703804,0.45,0.445,0.4525,False,0,0.0025,256,1000,4.9229557426278746e-05,0.9983754246049332,0.0672475754442967,1313,canonical_v2_exact_endpoint,fa016fc802965ee9056d5b0f9428501b44c2fee6cc23f869d0f1455a654ec912,degree,1,64130,True,32a3f8a13a17a93f59b1da8b5f7ce81c484de6bb28de37d3f2733d15c2f312d3,20289365
road,Montreal,Montreal,20313,32065,3.157091517747256,0.4231662575553621,0.6334944643692499,0.5936174823703804,0.4425,0.4425,0.4525,False,0,0.0025,256,1000,4.9229557426278746e-05,0.999015408851474,0.0695121350859055,1337,canonical_v2_exact_endpoint,fa016fc802965ee9056d5b0f9428501b44c2fee6cc23f869d0f1455a654ec912,degree,2,64130,True,44fd1c6cb0bf407a5d07275dc5082ef7c37ee108c3ee2e35c7db80b57aca7c92,20289387
road,Montreal,Montreal,20313,32065,3.157091517747256,0.4231662575553621,0.6334944643692499,0.5936174823703804,0.4475,0.445,0.45,False,0,0.0025,256,1000,4.9229557426278746e-05,0.9988677201791952,0.0698075124304632,1339,canonical_v2_exact_endpoint,fa016fc802965ee9056d5b0f9428501b44c2fee6cc23f869d0f1455a654ec912,degree,3,64130,True,144bad974d8e520a71105043acdd73c98285748976af184629c74a96707fbc53,20289409
road,Mumbai,Mumbai,18270,24999,2.7366174055829227,0.4825037154272258,0.7308292331693268,0.6219120370356436,0.505,0.5025000000000001,0.515,False,0,0.0025,256,1000,5.473453749315816e-05,0.9866995073891628,0.2275314723590585,3684,canonical_v2_exact_endpoint,9ca15f4021afcac446dbb4da5ffb94e7ec8bd8300ccdfc7eaecd6101b5b8879c,degree,0,49998,True,76c58459255817ff01deebcceff88fbb8e4507de525c87c980099b1bf51a1cba,20284953
road,Mumbai,Mumbai,18270,24999,2.7366174055829227,0.4825037154272258,0.7308292331693268,0.6219120370356436,0.51,0.5075000000000001,0.515,False,0,0.0025,256,1000,5.473453749315816e-05,0.984126984126984,0.2320744389709907,3673,canonical_v2_exact_endpoint,9ca15f4021afcac446dbb4da5ffb94e7ec8bd8300ccdfc7eaecd6101b5b8879c,degree,1,49998,True,45aec027813c5925ee3af42964ed49020c70307f7a53d9e58ecdf7c2df169c52,20284973
road,Mumbai,Mumbai,18270,24999,2.7366174055829227,0.4825037154272258,0.7308292331693268,0.6219120370356436,0.51,0.5075000000000001,0.5125,False,0,0.0025,256,1000,5.473453749315816e-05,0.980186097427477,0.2232621784345922,3583,canonical_v2_exact_endpoint,9ca15f4021afcac446dbb4da5ffb94e7ec8bd8300ccdfc7eaecd6101b5b8879c,degree,2,49998,True,76837ec53dfd989435812b32d5c76be34b107721590beb6fe5932f40e1425d0b,20284993
road,Mumbai,Mumbai,18270,24999,2.7366174055829227,0.4825037154272258,0.7308292331693268,0.6219120370356436,0.51,0.5075000000000001,0.5175,False,0,0.0025,256,1000,5.473453749315816e-05,0.9847837985769022,0.2279146141215106,3654,canonical_v2_exact_endpoint,9ca15f4021afcac446dbb4da5ffb94e7ec8bd8300ccdfc7eaecd6101b5b8879c,degree,3,49998,True,36cbd98f677556c38ed7a2fca85cb288df83b93ece2324a4241469862ed92b52,20285013
road,Nairobi,Nairobi,22960,28157,2.452700348432056,0.5433092136999518,0.8154277799481479,0.6398066061854979,0.5775,0.5700000000000001,0.58,False,0,0.0025,256,1000,4.35540069686411e-05,0.959189895470383,0.3852351916376306,6698,canonical_v2_exact_endpoint,2cbde71d4249347843419c9eefe485c3d86aa4ed6a5930244faa1b08f879ae2e,degree,0,56314,True,97574c4810c1496ba48c7be68a8cc7bb151008b4958073564e92bb268e94370b,20287038
road,Nairobi,Nairobi,22960,28157,2.452700348432056,0.5433092136999518,0.8154277799481479,0.6398066061854979,0.5700000000000001,0.5675,0.5750000000000001,False,0,0.0025,256,1000,4.35540069686411e-05,0.9587543554006966,0.3702961672473868,6615,canonical_v2_exact_endpoint,2cbde71d4249347843419c9eefe485c3d86aa4ed6a5930244faa1b08f879ae2e,degree,1,56314,True,248ac01ca77353be845bc3ff476047073e186deb0a3b753f0e7a460e32438775,20287059
road,Nairobi,Nairobi,22960,28157,2.452700348432056,0.5433092136999518,0.8154277799481479,0.6398066061854979,0.5725,0.5675,0.5750000000000001,False,0,0.0025,256,1000,4.35540069686411e-05,0.9561411149825786,0.375479094076655,6592,canonical_v2_exact_endpoint,2cbde71d4249347843419c9eefe485c3d86aa4ed6a5930244faa1b08f879ae2e,degree,2,56314,True,d92e4acea5435c089eb3777ab3634d4f009c4955a9aa0d461429a61704bb61bf,20287080
road,Nairobi,Nairobi,22960,28157,2.452700348432056,0.5433092136999518,0.8154277799481479,0.6398066061854979,0.5725,0.5725,0.5750000000000001,False,0,0.0025,256,1000,4.35540069686411e-05,0.96088850174216,0.3799216027874564,6690,canonical_v2_exact_endpoint,2cbde71d4249347843419c9eefe485c3d86aa4ed6a5930244faa1b08f879ae2e,degree,3,56314,True,55be388fdadcfeb815b4df2d8ccae5336e4f558a379eb2af21e99dee6097c67f,20287101
road,New York City,New York City,20109,34130,3.394499975135512,0.3876426827190641,0.5891883973044242,0.5686540264490313,0.4075,0.4075,0.4125,False,0,0.0025,256,1000,4.9728977074941546e-05,0.9988065045502011,0.0556964543239345,1100,canonical_v2_exact_endpoint,75627dcff916b66ff0d79a50d0661574e261bee71a3917348d72190e1cc209cd,degree,0,68260,True,bb5e45b15ddb4484e73e725d92b8d80b617d1af506f49c404a7f28d31d0698f5,20300649
road,New York City,New York City,20109,34130,3.394499975135512,0.3876426827190641,0.5891883973044242,0.5686540264490313,0.41,0.4075,0.415,False,0,0.0025,256,1000,4.9728977074941546e-05,0.9985081306877516,0.0562932020488338,1102,canonical_v2_exact_endpoint,75627dcff916b66ff0d79a50d0661574e261bee71a3917348d72190e1cc209cd,degree,1,68260,True,5894a61da3112dfd4a45177afab3db5e84b35026c0e2cac86f9f5cc2c3aa699e,20300676
road,New York City,New York City,20109,34130,3.394499975135512,0.3876426827190641,0.5891883973044242,0.5686540264490313,0.4125,0.405,0.415,False,0,0.0025,256,1000,4.9728977074941546e-05,0.999403252275101,0.0563926600029837,1114,canonical_v2_exact_endpoint,75627dcff916b66ff0d79a50d0661574e261bee71a3917348d72190e1cc209cd,degree,2,68260,True,789651390ae87e5107adce784f5b265ec33b5434eb31eb823a4f5ae19bcbec4a,20300703
road,New York City,New York City,20109,34130,3.394499975135512,0.3876426827190641,0.5891883973044242,0.5686540264490313,0.4125,0.4075,0.415,False,0,0.0025,256,1000,4.9728977074941546e-05,0.9990054204585008,0.0566413048883584,1112,canonical_v2_exact_endpoint,75627dcff916b66ff0d79a50d0661574e261bee71a3917348d72190e1cc209cd,degree,3,68260,True,4b2ffa52488b21ef66928c89a732d7a2c6cfefcf9ae1ce70b9422646041ee55d,20300730
road,Osaka,Osaka,92460,138690,3.0,0.4467357272621854,0.6666666666666666,0.6120026038397824,0.4625,0.4575,0.4675,False,0,0.0025,256,1000,1.081548777849881e-05,0.9957386978152716,0.1196841877568678,10336,canonical_v2_exact_endpoint,8716f7da01a6ea100c83066836fea709c34b406534acc56a2f284e9c2ad9c7db,degree,0,277380,True,8b79cab45f1266a2471d70be9e33097d63050f9fb0b04aa0e9ff4d9a6ccf36fd,20282997
road,Osaka,Osaka,92460,138690,3.0,0.4467357272621854,0.6666666666666666,0.6120026038397824,0.4625,0.46,0.4625,False,0,0.0025,256,1000,1.081548777849881e-05,0.9956305429374868,0.1203547479991347,10345,canonical_v2_exact_endpoint,8716f7da01a6ea100c83066836fea709c34b406534acc56a2f284e9c2ad9c7db,degree,1,277380,True,e55f1dfea4520696ba897d41af7b608289682f0d4dcad37b9b6c503747e0f4c5,20283016
road,Osaka,Osaka,92460,138690,3.0,0.4467357272621854,0.6666666666666666,0.6120026038397824,0.46,0.46,0.4675,False,0,0.0025,256,1000,1.081548777849881e-05,0.9956738048886004,0.1196301103179753,10323,canonical_v2_exact_endpoint,8716f7da01a6ea100c83066836fea709c34b406534acc56a2f284e9c2ad9c7db,degree,2,277380,True,34dbba6342192ca56e4cae8a9be96748fa29bded25f4080949ca8b732cab474f,20283035
road,Osaka,Osaka,92460,138690,3.0,0.4467357272621854,0.6666666666666666,0.6120026038397824,0.4625,0.46,0.465,False,0,0.0025,256,1000,1.081548777849881e-05,0.9956413584252654,0.1184079601990049,10278,canonical_v2_exact_endpoint,8716f7da01a6ea100c83066836fea709c34b406534acc56a2f284e9c2ad9c7db,degree,3,277380,True,02016d936dd8a0e3ed1eab38285d00a67633233b4b5979bd370a071b4f121fb3,20283054
road,Panama City,Panama City,9245,12302,2.661330448891293,0.4936399020906064,0.7515038205169892,0.6246834166228351,0.53,0.5275,0.5325,False,0,0.0025,256,1000,0.0001081665765278,0.977934018388318,0.2642509464575446,2082,canonical_v2_exact_endpoint,93bf1c32dfc9bec7d8b42660f7eaf8b0006c7b55199906746005ba302a9e1526,degree,0,24604,True,3dfa225097fe1256c4b5e88eb84ac3c4acdaa090e04b71bf151808f72139c0c8,20295599
road,Panama City,Panama City,9245,12302,2.661330448891293,0.4936399020906064,0.7515038205169892,0.6246834166228351,0.53,0.525,0.535,False,0,0.0025,256,1000,0.0001081665765278,0.9808545159545704,0.2755002704164413,2138,canonical_v2_exact_endpoint,93bf1c32dfc9bec7d8b42660f7eaf8b0006c7b55199906746005ba302a9e1526,degree,1,24604,True,a14e0748c2ff65dd10fc9f9e7309eff54a7511899e0a5bc9a8c4ead2b47ef2fd,20295624
road,Panama City,Panama City,9245,12302,2.661330448891293,0.4936399020906064,0.7515038205169892,0.6246834166228351,0.5275,0.525,0.535,False,0,0.0025,256,1000,0.0001081665765278,0.9800973499188752,0.2726879394267171,2128,canonical_v2_exact_endpoint,93bf1c32dfc9bec7d8b42660f7eaf8b0006c7b55199906746005ba302a9e1526,degree,2,24604,True,1d844cda061763e62384364f02a8c3a89d3036d6d6e166d981005fadcf2373d7,20295649
road,Panama City,Panama City,9245,12302,2.661330448891293,0.4936399020906064,0.7515038205169892,0.6246834166228351,0.5275,0.5225,0.5325,False,0,0.0025,256,1000,0.0001081665765278,0.979232017306652,0.2644672796106003,2100,canonical_v2_exact_endpoint,93bf1c32dfc9bec7d8b42660f7eaf8b0006c7b55199906746005ba302a9e1526,degree,3,24604,True,1abdd5a393c8e34a0ab0085021007078b0fd02f65d6b7924a19c8eff9672e04e,20295674
road,Paris,Paris,36946,55181,2.987116331943918,0.453974052043998,0.6695420525180769,0.6185179616038177,0.4725,0.47,0.4775,False,0,0.0025,256,1000,2.706652952958372e-05,0.9969685486926866,0.1008498890272289,3467,canonical_v2_exact_endpoint,0fe84770577f910adb2fe64426447e4fa469ba5466935ff09e61d0ff2168942a,degree,0,110362,True,882c2ce3ccbed30ac1473656a1cb9dc9ccb7a204a85c066c8ae274b7fc0159e4,20283175
road,Paris,Paris,36946,55181,2.987116331943918,0.453974052043998,0.6695420525180769,0.6185179616038177,0.48,0.4725,0.4825,False,0,0.0025,256,1000,2.706652952958372e-05,0.9969956152222162,0.1012288204406431,3464,canonical_v2_exact_endpoint,0fe84770577f910adb2fe64426447e4fa469ba5466935ff09e61d0ff2168942a,degree,1,110362,True,d203281fb4f1ee7c4713f45fa8d6a67e662c7adcac9a8373bb220a22c1875808,20283194
road,Paris,Paris,36946,55181,2.987116331943918,0.453974052043998,0.6695420525180769,0.6185179616038177,0.475,0.4725,0.4775,False,0,0.0025,256,1000,2.706652952958372e-05,0.997455746224219,0.1010934877929951,3478,canonical_v2_exact_endpoint,0fe84770577f910adb2fe64426447e4fa469ba5466935ff09e61d0ff2168942a,degree,2,110362,True,107cc56360b66667196d6b4cb18f1ee53cc41e512d5b71dfb21be64f372adc72,20283213
road,Paris,Paris,36946,55181,2.987116331943918,0.453974052043998,0.6695420525180769,0.6185179616038177,0.475,0.47,0.4775,False,0,0.0025,256,1000,2.706652952958372e-05,0.9963189519839766,0.0982515021923888,3418,canonical_v2_exact_endpoint,0fe84770577f910adb2fe64426447e4fa469ba5466935ff09e61d0ff2168942a,degree,3,110362,True,97d5b99b00967da0fa35ad377c224e63adae25ebc21e1dcf89b48cd83d10d36a,20283232
road,Prague,Prague,19787,27325,2.7619143882346995,0.4768012005095185,0.7241354071363221,0.6190045672056735,0.5025000000000001,0.5,0.515,False,0,0.0025,256,1000,5.053823217263858e-05,0.9849901450447264,0.2102895840703492,3662,canonical_v2_exact_endpoint,8feb933105574b153905c5850a1837bc2842d9b0f9161c744cc11c708e4a5e38,degree,0,54650,True,9181634c8365f71ec8fbcf3c3acfaedae7565ed7855a8aa0d67e3e1574a32462,20285055
road,Prague,Prague,19787,27325,2.7619143882346995,0.4768012005095185,0.7241354071363221,0.6190045672056735,0.5075000000000001,0.5,0.5100625,False,0,0.0025,256,1000,5.053823217263858e-05,0.9872643654924949,0.2146864102693687,3716,canonical_v2_exact_endpoint,8feb933105574b153905c5850a1837bc2842d9b0f9161c744cc11c708e4a5e38,degree,1,54650,True,3a148b36dc6fe75e48a3ca6faed25b3b312b85c0fcd97b6ab53a66649561b5da,20285075
road,Prague,Prague,19787,27325,2.7619143882346995,0.4768012005095185,0.7241354071363221,0.6190045672056735,0.505,0.4975,0.5075000000000001,False,0,0.0025,256,1000,5.053823217263858e-05,0.9863041390812148,0.217870318896245,3724,canonical_v2_exact_endpoint,8feb933105574b153905c5850a1837bc2842d9b0f9161c744cc11c708e4a5e38,degree,2,54650,True,ae82b2e2a0ad34c87cef9363e3191341224736648a9c91c9ca931db0b12177a9,20285095
road,Prague,Prague,19787,27325,2.7619143882346995,0.4768012005095185,0.7241354071363221,0.6190045672056735,0.5075000000000001,0.5025000000000001,0.51,False,0,0.0025,256,1000,5.053823217263858e-05,0.9871632890281498,0.2164552483954111,3724,canonical_v2_exact_endpoint,8feb933105574b153905c5850a1837bc2842d9b0f9161c744cc11c708e4a5e38,degree,3,54650,True,9c4ccc0624f04583b000e50f350ed10859097b0d40b2a6cb3ca621f51f7eceb1,20285115
road,Quito,Quito,26144,35253,2.696832925336597,0.4811776588774842,0.7416106430658383,0.6182161993593168,0.505,0.5,0.5125,False,0,0.0025,256,1000,3.824969400244796e-05,0.9788096695226436,0.2656058751529987,5984,canonical_v2_exact_endpoint,b2a5f5615b2bac039babb0f6a8ec841b36de81f1eab4f6b184ab6e7f0ea38b26,degree,0,70506,True,c63e818fb7121ba3df34ffd52bf158662cecb6043ee29df1b66fe13c513db929,20283308
road,Quito,Quito,26144,35253,2.696832925336597,0.4811776588774842,0.7416106430658383,0.6182161993593168,0.5075000000000001,0.5025000000000001,0.51,False,0,0.0025,256,1000,3.824969400244796e-05,0.9777386780905748,0.2628518971848225,5944,canonical_v2_exact_endpoint,b2a5f5615b2bac039babb0f6a8ec841b36de81f1eab4f6b184ab6e7f0ea38b26,degree,1,70506,True,a258bdd6c50a182d848d22b0a8cdd1e8868d223b237d2f0951e52e29db3ac4e7,20283327
road,Quito,Quito,26144,35253,2.696832925336597,0.4811776588774842,0.7416106430658383,0.6182161993593168,0.5025000000000001,0.5,0.5125,False,0,0.0025,256,1000,3.824969400244796e-05,0.9775474296205628,0.2622781517747858,5939,canonical_v2_exact_endpoint,b2a5f5615b2bac039babb0f6a8ec841b36de81f1eab4f6b184ab6e7f0ea38b26,degree,2,70506,True,847beeb2412b20004519a2295f1573e75df85abb562247dc8e2dd1279f1b8c0e,20283346
road,Quito,Quito,26144,35253,2.696832925336597,0.4811776588774842,0.7416106430658383,0.6182161993593168,0.5075000000000001,0.5025000000000001,0.515,False,0,0.0025,256,1000,3.824969400244796e-05,0.9766676866585068,0.2647261321909425,5931,canonical_v2_exact_endpoint,b2a5f5615b2bac039babb0f6a8ec841b36de81f1eab4f6b184ab6e7f0ea38b26,degree,3,70506,True,fc716cda13869fada249cf94b041ca7db307a519e1946af59580305982135088,20283365
road,Rio de Janeiro,Rio de Janeiro,14909,20774,2.786773090079817,0.479348377866999,0.7176759410801964,0.6239372666595148,0.505,0.5025000000000001,0.515,False,0,0.0025,256,1000,6.707357971694951e-05,0.990609698839627,0.2022268428466027,2625,canonical_v2_exact_endpoint,5cd554861366e52613b78a2de92457492fb272db3e31ad70caafa4d41839b67d,degree,0,41548,True,e0b93ed4e40cf7887a5167ec21df289997e225641cecd4b72fb5fcb11c0a845e,20302911
road,Rio de Janeiro,Rio de Janeiro,14909,20774,2.786773090079817,0.479348377866999,0.7176759410801964,0.6239372666595148,0.5075000000000001,0.5,0.5125,False,0,0.0025,256,1000,6.707357971694951e-05,0.9883291971292504,0.1941780132805687,2576,canonical_v2_exact_endpoint,5cd554861366e52613b78a2de92457492fb272db3e31ad70caafa4d41839b67d,degree,1,41548,True,e9e73168f183872a51ea27ac30b76011bb59f6c83048bfef8f375b413b215c4c,20302939
road,Rio de Janeiro,Rio de Janeiro,14909,20774,2.786773090079817,0.479348377866999,0.7176759410801964,0.6239372666595148,0.505,0.5025000000000001,0.5075000000000001,False,0,0.0025,256,1000,6.707357971694951e-05,0.9884633442886844,0.1947816754980213,2583,canonical_v2_exact_endpoint,5cd554861366e52613b78a2de92457492fb272db3e31ad70caafa4d41839b67d,degree,2,41548,True,01b18d115c4c48d87a87a8454ca70d7eb052381de3b71bdc9d520df43ab56745,20302967
road,Rio de Janeiro,Rio de Janeiro,14909,20774,2.786773090079817,0.479348377866999,0.7176759410801964,0.6239372666595148,0.5075000000000001,0.505,0.515,False,0,0.0025,256,1000,6.707357971694951e-05,0.9888657857669864,0.1897511570192501,2563,canonical_v2_exact_endpoint,5cd554861366e52613b78a2de92457492fb272db3e31ad70caafa4d41839b67d,degree,3,41548,True,6453c42896f7dfe0dd1024d82ebad1b647de9a4f47c18174845fe2d6196bb070,20302995
road,Riyadh,Riyadh,52112,79423,3.048165489714461,0.4665628855078422,0.6561323546076074,0.6320424002526038,0.485,0.48,0.49,False,0,0.0025,256,1000,1.9189438133251456e-05,0.9996162112373348,0.037169941664108,1870,canonical_v2_exact_endpoint,598172e9ba56032da1b853bbd215b8b8dcc7673f9afa44e34a62853b54d5f3cc,degree,0,158846,True,b9d1c482b938a30a269f6418ee6155ab2110eb2cb420cbea35bab8d4e673fe69,20285005
road,Riyadh,Riyadh,52112,79423,3.048165489714461,0.4665628855078422,0.6561323546076074,0.6320424002526038,0.4825,0.4825,0.485,False,0,0.0025,256,1000,1.9189438133251456e-05,0.9996162112373348,0.0367285845870432,1865,canonical_v2_exact_endpoint,598172e9ba56032da1b853bbd215b8b8dcc7673f9afa44e34a62853b54d5f3cc,degree,1,158846,True,153880e60bbd59cf02767d1821dec2883fc24149975e46b86728575daef574c7,20285025
road,Riyadh,Riyadh,52112,79423,3.048165489714461,0.4665628855078422,0.6561323546076074,0.6320424002526038,0.4875,0.4825,0.4875,False,0,0.0025,256,1000,1.9189438133251456e-05,0.9997313478661346,0.0377648142462388,1888,canonical_v2_exact_endpoint,598172e9ba56032da1b853bbd215b8b8dcc7673f9afa44e34a62853b54d5f3cc,degree,2,158846,True,d450fc4d3d663f9e3f77e83f119358a8e9e9a71e1b293cae38eabf5e3c3d7bd9,20285045
road,Riyadh,Riyadh,52112,79423,3.048165489714461,0.4665628855078422,0.6561323546076074,0.6320424002526038,0.4825,0.4825,0.4875,False,0,0.0025,256,1000,1.9189438133251456e-05,0.9996162112373348,0.0371507522259748,1871,canonical_v2_exact_endpoint,598172e9ba56032da1b853bbd215b8b8dcc7673f9afa44e34a62853b54d5f3cc,degree,3,158846,True,6773e5e46405b825b5c6fffe0fab68835e51d34d64e57af1bbaa198825251e00,20285065
road,Rome,Rome,25843,37062,2.868242851062184,0.4705329710788918,0.697291025848578,0.6233084231605613,0.495,0.49,0.4975,False,0,0.0025,256,1000,3.86951979259374e-05,0.9934218163525906,0.149556939983748,3517,canonical_v2_exact_endpoint,775d3fdc7167aa3c7e62f09d12d3a1af88893fcdf5757ff1db1f19ca80b81f8a,degree,0,74124,True,c4c5d1fd073adc3f55ea65663c5595902cdcd6d81d787fa228fbb226c95b7e46,20281275
road,Rome,Rome,25843,37062,2.868242851062184,0.4705329710788918,0.697291025848578,0.6233084231605613,0.4975,0.49,0.5,False,0,0.0025,256,1000,3.86951979259374e-05,0.993963549123554,0.1506017103277483,3532,canonical_v2_exact_endpoint,775d3fdc7167aa3c7e62f09d12d3a1af88893fcdf5757ff1db1f19ca80b81f8a,degree,1,74124,True,856fbf6d4473c3c1f639619c3e253d831d873cdbab3b054ef608344d98d389bf,20281293
road,Rome,Rome,25843,37062,2.868242851062184,0.4705329710788918,0.697291025848578,0.6233084231605613,0.495,0.4925,0.4975,False,0,0.0025,256,1000,3.86951979259374e-05,0.99400224432148,0.1499825871609333,3525,canonical_v2_exact_endpoint,775d3fdc7167aa3c7e62f09d12d3a1af88893fcdf5757ff1db1f19ca80b81f8a,degree,2,74124,True,fa0a3b8ae6b182776dc966973a6c7fa3b715595bcd0e80b3b97f5c52c46bf2a9,20281311
road,Rome,Rome,25843,37062,2.868242851062184,0.4705329710788918,0.697291025848578,0.6233084231605613,0.4925,0.4875,0.5,False,0,0.0025,256,1000,3.86951979259374e-05,0.993228340362961,0.1511821382966373,3520,canonical_v2_exact_endpoint,775d3fdc7167aa3c7e62f09d12d3a1af88893fcdf5757ff1db1f19ca80b81f8a,degree,3,74124,True,7af24254b47755ac3e856b75db9fc714d9232c5dca808bf7d66671dd2ebc558c,20281329
road,San Francisco,San Francisco,11502,18546,3.224830464267084,0.4019767215033488,0.6201876415399546,0.5784133366942563,0.4275,0.425,0.4275,False,0,0.0025,256,1000,8.694140149539213e-05,0.9979134063641109,0.1005042601286732,1109,canonical_v2_exact_endpoint,9a77f5498f5072c63be911941b5ca244b84d74c1eb942d53b55cdf2a533cdffe,degree,0,37092,True,1cdb141851b1e30a135ea2f513d6fb11964796f2b611ba9f566357c9013378c9,20300976
road,San Francisco,San Francisco,11502,18546,3.224830464267084,0.4019767215033488,0.6201876415399546,0.5784133366942563,0.4275,0.425,0.435,False,0,0.0025,256,1000,8.694140149539213e-05,0.997130933750652,0.0999826117197009,1102,canonical_v2_exact_endpoint,9a77f5498f5072c63be911941b5ca244b84d74c1eb942d53b55cdf2a533cdffe,degree,1,37092,True,2a61a6785d60626d9a66e565818ebb5ae8873c2448a8dd19e5534e330388e648,20301003
road,San Francisco,San Francisco,11502,18546,3.224830464267084,0.4019767215033488,0.6201876415399546,0.5784133366942563,0.4325,0.425,0.435,False,0,0.0025,256,1000,8.694140149539213e-05,0.997478699356634,0.0999826117197009,1105,canonical_v2_exact_endpoint,9a77f5498f5072c63be911941b5ca244b84d74c1eb942d53b55cdf2a533cdffe,degree,2,37092,True,0d8791383820caab24387fa63f0d9ceaf8718226b69be32573e268d15d81b42b,20301030
road,San Francisco,San Francisco,11502,18546,3.224830464267084,0.4019767215033488,0.6201876415399546,0.5784133366942563,0.4325,0.4275,0.435,False,0,0.0025,256,1000,8.694140149539213e-05,0.9979134063641109,0.0997217875152147,1108,canonical_v2_exact_endpoint,9a77f5498f5072c63be911941b5ca244b84d74c1eb942d53b55cdf2a533cdffe,degree,3,37092,True,8275a07df627d4bb309a2f7ca69c15a2aab3d81f3124c7589f44e9ada8f20e31,20301057
road,Santiago,Santiago,60718,88302,2.90859382720116,0.4543405779204741,0.6876174945074857,0.6118232079220822,0.4725,0.47,0.475,False,0,0.0025,256,1000,1.646958068447578e-05,0.9917981488191308,0.1636417536809513,9187,canonical_v2_exact_endpoint,75e7cd4f29692e9a18568e505a10786bc5bfd504bb2e77dcb249a6606cf64b92,degree,0,176604,True,0407159b0842a7c856908bc27aa703e1326f530a187a62eb46b583bd3d74a16f,20289258
road,Santiago,Santiago,60718,88302,2.90859382720116,0.4543405779204741,0.6876174945074857,0.6118232079220822,0.47,0.4675,0.4775,False,0,0.0025,256,1000,1.646958068447578e-05,0.9918640271418688,0.1660298428802002,9237,canonical_v2_exact_endpoint,75e7cd4f29692e9a18568e505a10786bc5bfd504bb2e77dcb249a6606cf64b92,degree,1,176604,True,c65b88d5f8f6b6bc1b0c91fb2d4d66aa5f1f4715e6d4bb4a81b1ea31827d2dc9,20289280
road,Santiago,Santiago,60718,88302,2.90859382720116,0.4543405779204741,0.6876174945074857,0.6118232079220822,0.475,0.47,0.4775,False,0,0.0025,256,1000,1.646958068447578e-05,0.9904476432030038,0.1645146414572285,9150,canonical_v2_exact_endpoint,75e7cd4f29692e9a18568e505a10786bc5bfd504bb2e77dcb249a6606cf64b92,degree,2,176604,True,d7390ae60691e16ed8ba80daa2578318d2d3c6c5f41cbe83bb1442bcaf1fb8ac,20289302
road,Santiago,Santiago,60718,88302,2.90859382720116,0.4543405779204741,0.6876174945074857,0.6118232079220822,0.4725,0.47,0.4775,False,0,0.0025,256,1000,1.646958068447578e-05,0.9915840442702332,0.1664745215586811,9226,canonical_v2_exact_endpoint,75e7cd4f29692e9a18568e505a10786bc5bfd504bb2e77dcb249a6606cf64b92,degree,3,176604,True,723c8d6c597cfac4a0fcb3e899ae00d60dcc44745561b5533b7f9c2d90855ee8,20289324
road,Sao Paulo,Sao Paulo,51289,77333,3.0155783891282733,0.4525467568643056,0.6632226863046823,0.6177745895074539,0.475,0.47,0.4775,False,0,0.0025,256,1000,1.9497358107976368e-05,0.9975628302365034,0.0934508374115307,4548,canonical_v2_exact_endpoint,104118adf016eada9c8e57555d6f0b674736c2e3603ac7573fa3cfc42b04dc31,degree,0,154666,True,5dd668989e825b7ca3ee69433eea44530d43801d73468b885348ef2a7078013d,20291047
road,Sao Paulo,Sao Paulo,51289,77333,3.0155783891282733,0.4525467568643056,0.6632226863046823,0.6177745895074539,0.4725,0.4675,0.475,False,0,0.0025,256,1000,1.9497358107976368e-05,0.9968609253446156,0.0918325566885687,4494,canonical_v2_exact_endpoint,104118adf016eada9c8e57555d6f0b674736c2e3603ac7573fa3cfc42b04dc31,degree,1,154666,True,6dd3bf7d845000ce9913cc13e3579679ae8d0aa872a7660caf92eac8f4a768b8,20291070
road,Sao Paulo,Sao Paulo,51289,77333,3.0155783891282733,0.4525467568643056,0.6632226863046823,0.6177745895074539,0.47,0.4675,0.4725,False,0,0.0025,256,1000,1.9497358107976368e-05,0.9972898672229912,0.0934313400534227,4541,canonical_v2_exact_endpoint,104118adf016eada9c8e57555d6f0b674736c2e3603ac7573fa3cfc42b04dc31,degree,2,154666,True,714af2eab9c87256a570be59152cb3ffed8fccd622fb9a8a05acac7753c8c252,20291093
road,Sao Paulo,Sao Paulo,51289,77333,3.0155783891282733,0.4525467568643056,0.6632226863046823,0.6177745895074539,0.47,0.47,0.475,False,0,0.0025,256,1000,1.9497358107976368e-05,0.996977909493264,0.0926124510128877,4516,canonical_v2_exact_endpoint,104118adf016eada9c8e57555d6f0b674736c2e3603ac7573fa3cfc42b04dc31,degree,3,154666,True,7c3c6b768e4a925e183230f43d34318a35f3d8cb63507ade3720dae261ad1308,20291116
road,Seattle,Seattle,17570,26501,3.0166192373363687,0.4417716876708675,0.6629938492887061,0.6083977700471199,0.4675,0.465,0.47,False,0,0.0025,256,1000,5.691519635742744e-05,0.9953329538986908,0.1162777461582242,1944,canonical_v2_exact_endpoint,49de4295ad5a4a67f30bef7ce88f0d68abdbc76127e2c8b428495766a106997c,degree,0,53002,True,6632e1af0ccfa593951d4f3d2f4e6c2f97868cde58b3ce6fbf3357e00e50c2d5,20287162
road,Seattle,Seattle,17570,26501,3.0166192373363687,0.4417716876708675,0.6629938492887061,0.6083977700471199,0.4675,0.4625,0.47,False,0,0.0025,256,1000,5.691519635742744e-05,0.9962435970404098,0.1189527603870233,1968,canonical_v2_exact_endpoint,49de4295ad5a4a67f30bef7ce88f0d68abdbc76127e2c8b428495766a106997c,degree,1,53002,True,c66d30e540927604c7e9fe249599cfc5a2987be916e3c93bb2658ff4eed1c9bd,20287183
road,Seattle,Seattle,17570,26501,3.0166192373363687,0.4417716876708675,0.6629938492887061,0.6083977700471199,0.465,0.4625,0.47,False,0,0.0025,256,1000,5.691519635742744e-05,0.9953329538986908,0.1166761525327262,1945,canonical_v2_exact_endpoint,49de4295ad5a4a67f30bef7ce88f0d68abdbc76127e2c8b428495766a106997c,degree,2,53002,True,da38646406df6d9ff54cf18fd06d530354cd3b7b9a77d1071f57ec5154e589c1,20287204
road,Seattle,Seattle,17570,26501,3.0166192373363687,0.4417716876708675,0.6629938492887061,0.6083977700471199,0.4675,0.465,0.47,False,0,0.0025,256,1000,5.691519635742744e-05,0.9945930563460444,0.118383608423449,1946,canonical_v2_exact_endpoint,49de4295ad5a4a67f30bef7ce88f0d68abdbc76127e2c8b428495766a106997c,degree,3,53002,True,3731a7e551291580e01218c41215bfd2bfaf2071d58a7d616476f50ce99f5248,20287225
road,Seoul,Seoul,50914,76060,2.9877833208940565,0.4516653899369949,0.6693925848014726,0.6167580998833466,0.4725,0.47,0.475,False,0,0.0025,256,1000,1.9640963192834975e-05,0.9967985229995676,0.111874926346388,5388,canonical_v2_exact_endpoint,28613ed519fdcb353693f7186775e7ab7e21e61a60ec9c5a88d9cd9a2485ea67,degree,0,152120,True,c85bf39dba36872206c4a6bc73b9718c94fdd7f81e121ec834005289142b96e0,20283235
road,Seoul,Seoul,50914,76060,2.9877833208940565,0.4516653899369949,0.6693925848014726,0.6167580998833466,0.4675,0.465,0.4725,False,0,0.0025,256,1000,1.9640963192834975e-05,0.9960128844718544,0.1140943551871783,5399,canonical_v2_exact_endpoint,28613ed519fdcb353693f7186775e7ab7e21e61a60ec9c5a88d9cd9a2485ea67,degree,1,152120,True,5a64fd5943ce6723e166752815c010272b6b85e22c29004ead7c9d90b8040b66,20283254
road,Seoul,Seoul,50914,76060,2.9877833208940565,0.4516653899369949,0.6693925848014726,0.6167580998833466,0.4675,0.4675,0.475,False,0,0.0025,256,1000,1.9640963192834975e-05,0.9957575519503478,0.1123855913894017,5371,canonical_v2_exact_endpoint,28613ed519fdcb353693f7186775e7ab7e21e61a60ec9c5a88d9cd9a2485ea67,degree,2,152120,True,66f12036417b635d81f8e414e8413b66c773a22e14349861728c510fef5cde5c,20283273
road,Seoul,Seoul,50914,76060,2.9877833208940565,0.4516653899369949,0.6693925848014726,0.6167580998833466,0.47,0.4675,0.47,False,0,0.0025,256,1000,1.9640963192834975e-05,0.9953058097969124,0.1092823192049338,5295,canonical_v2_exact_endpoint,28613ed519fdcb353693f7186775e7ab7e21e61a60ec9c5a88d9cd9a2485ea67,degree,3,152120,True,a39731310d4e1b9292910f7daa0dce33e57c6c0df428c44e5a6022c855ea4d5f,20283292
road,Singapore,Singapore,13478,19430,2.88321709452441,0.4668204315025708,0.6936695831188883,0.6199378790433933,0.495,0.4925,0.4975624999999999,False,0,0.0025,256,1000,7.419498441905329e-05,0.9955483009348568,0.1544739575604689,1879,canonical_v2_exact_endpoint,6dbd2f1c403e04188df631f9bea5b7e958698cd051a6bee3adaa5b6ead8b3572,degree,0,38860,True,bd6311b590d2cbc437f5b04973014f8fa6131851a0f690a286f5d52ea4f03e56,20291615
road,Singapore,Singapore,13478,19430,2.88321709452441,0.4668204315025708,0.6936695831188883,0.6199378790433933,0.4925,0.49,0.4975,False,0,0.0025,256,1000,7.419498441905329e-05,0.9939160112776374,0.1473512390562397,1831,canonical_v2_exact_endpoint,6dbd2f1c403e04188df631f9bea5b7e958698cd051a6bee3adaa5b6ead8b3572,degree,1,38860,True,77a3913aec8b9de23efe63f0a87dd74efb4d3ccf19bb8fb27c809e477bfce09b,20291638
road,Singapore,Singapore,13478,19430,2.88321709452441,0.4668204315025708,0.6936695831188883,0.6199378790433933,0.495,0.49,0.5025000000000001,False,0,0.0025,256,1000,7.419498441905329e-05,0.9925063065736756,0.1474254340406588,1819,canonical_v2_exact_endpoint,6dbd2f1c403e04188df631f9bea5b7e958698cd051a6bee3adaa5b6ead8b3572,degree,2,38860,True,dc2e67136d5b93640951bd43cdefa8d4ac2e7ac0457011fa1617298373041f84,20291661
road,Singapore,Singapore,13478,19430,2.88321709452441,0.4668204315025708,0.6936695831188883,0.6199378790433933,0.495,0.49,0.5,False,0,0.0025,256,1000,7.419498441905329e-05,0.9934708413711236,0.1482415788692684,1832,canonical_v2_exact_endpoint,6dbd2f1c403e04188df631f9bea5b7e958698cd051a6bee3adaa5b6ead8b3572,degree,3,38860,True,8e4211a26c103b451b9143b35a35647d0e6391d3a2604e85d8061ce76ec648ca,20291684
road,Sydney,Sydney,22215,31013,2.792077425163178,0.487296324811841,0.7163125141069874,0.630326254748881,0.5125,0.51,0.5175,False,0,0.0025,256,1000,4.501462975467027e-05,0.9918973666441596,0.1765473778978168,3440,canonical_v2_exact_endpoint,f353556b450891524e6a7f264edcd83c15c72d163c28cddb4faf1861ee441b95,degree,0,62026,True,f11a047338a6af6b725208e8ba730824d8088e5a86fe22f7fa00230df846c88f,20285269
road,Sydney,Sydney,22215,31013,2.792077425163178,0.487296324811841,0.7163125141069874,0.630326254748881,0.515,0.5075000000000001,0.52,False,0,0.0025,256,1000,4.501462975467027e-05,0.9910420886788208,0.1715507539950483,3387,canonical_v2_exact_endpoint,f353556b450891524e6a7f264edcd83c15c72d163c28cddb4faf1861ee441b95,degree,1,62026,True,1819efaeb4e85803afa6886413a3676f27734164b535cd6362a3b6b61158e727,20285289
road,Sydney,Sydney,22215,31013,2.792077425163178,0.487296324811841,0.7163125141069874,0.630326254748881,0.515,0.51,0.5175,False,0,0.0025,256,1000,4.501462975467027e-05,0.9916272788656316,0.1716857978843124,3398,canonical_v2_exact_endpoint,f353556b450891524e6a7f264edcd83c15c72d163c28cddb4faf1861ee441b95,degree,2,62026,True,31410d366d4115ac10655f6a968d18e018ae326b79215b738cf55ff57f661711,20285309
road,Sydney,Sydney,22215,31013,2.792077425163178,0.487296324811841,0.7163125141069874,0.630326254748881,0.515,0.51,0.515,False,0,0.0025,256,1000,4.501462975467027e-05,0.9899617375647088,0.1688498762097681,3354,canonical_v2_exact_endpoint,f353556b450891524e6a7f264edcd83c15c72d163c28cddb4faf1861ee441b95,degree,3,62026,True,ac1a02b6f69fce2dd921f4e227881317e6f886afdf55213113e6e4a90dbfa957,20285329
road,Taipei,Taipei,16388,24900,3.0388088845496704,0.431684610183596,0.6581526104417671,0.6021173050401765,0.46,0.455,0.4625,False,0,0.0025,256,1000,6.1020258725897e-05,0.995057359043202,0.1251525506468147,1962,canonical_v2_exact_endpoint,310800963b10da8c0b94671f9f037020e1d31ab8be108ba2aabf497426d344eb,degree,0,49800,True,d6cc22ab99cc12188e1702f996d0ef78f2437530ef7c361454557c632d0aec96,20284989
road,Taipei,Taipei,16388,24900,3.0388088845496704,0.431684610183596,0.6581526104417671,0.6021173050401765,0.4575,0.4525,0.47,False,0,0.0025,256,1000,6.1020258725897e-05,0.9949963387844764,0.1319868196241152,1992,canonical_v2_exact_endpoint,310800963b10da8c0b94671f9f037020e1d31ab8be108ba2aabf497426d344eb,degree,1,49800,True,1b477b2740e6cce3cc0c9da34597248c104316995c0e47caf056e2f10f11a709,20285009
road,Taipei,Taipei,16388,24900,3.0388088845496704,0.431684610183596,0.6581526104417671,0.6021173050401765,0.4575,0.455,0.46,False,0,0.0025,256,1000,6.1020258725897e-05,0.9948742982670248,0.1283256041005613,1975,canonical_v2_exact_endpoint,310800963b10da8c0b94671f9f037020e1d31ab8be108ba2aabf497426d344eb,degree,2,49800,True,7298f5bcb2e642fa36f9cd772519b4c49a72dc895b4249053e29b707fe2ecd5c,20285029
road,Taipei,Taipei,16388,24900,3.0388088845496704,0.431684610183596,0.6581526104417671,0.6021173050401765,0.4575,0.455,0.4625,False,0,0.0025,256,1000,6.1020258725897e-05,0.996155723700269,0.1298511105687088,2000,canonical_v2_exact_endpoint,310800963b10da8c0b94671f9f037020e1d31ab8be108ba2aabf497426d344eb,degree,3,49800,True,50f1c45d325cac4f5b1a1ecf6c538b0f029453c5ef7edf89fa1131efc2eeb15b,20285049
road,Tehran,Tehran,85612,108037,2.5238751576881744,0.5095652255940534,0.7924322222942141,0.6248642133671398,0.5275,0.5275,0.53,False,0,0.0025,256,1000,1.168060552259029e-05,0.9610451805821612,0.3600429846283231,24754,canonical_v2_exact_endpoint,aade61c16f52640e8fe72184ac08ff6e1230f57f6c2b62218fe0711186df012a,degree,0,216074,True,a330e17227976cf275e4a0d7c4b20f81613b81ddae826d800f1cd713a4fec45d,20285042
road,Tehran,Tehran,85612,108037,2.5238751576881744,0.5095652255940534,0.7924322222942141,0.6248642133671398,0.525,0.525,0.5325,False,0,0.0025,256,1000,1.168060552259029e-05,0.9594449376255662,0.3569709853758819,24603,canonical_v2_exact_endpoint,aade61c16f52640e8fe72184ac08ff6e1230f57f6c2b62218fe0711186df012a,degree,1,216074,True,7f841153e18d496ef447ece826a2f7460dcfd2373db1e25748413f767778cb83,20285062
road,Tehran,Tehran,85612,108037,2.5238751576881744,0.5095652255940534,0.7924322222942141,0.6248642133671398,0.53,0.53,0.5325,False,0,0.0025,256,1000,1.168060552259029e-05,0.9597953557912438,0.3551838527309255,24584,canonical_v2_exact_endpoint,aade61c16f52640e8fe72184ac08ff6e1230f57f6c2b62218fe0711186df012a,degree,2,216074,True,2f673abbba7c315be0fa2bf8cd752d7a31ab6395cac7dcec2d6e1923deee7a31,20285082
road,Tehran,Tehran,85612,108037,2.5238751576881744,0.5095652255940534,0.7924322222942141,0.6248642133671398,0.5275,0.525,0.5325,False,0,0.0025,256,1000,1.168060552259029e-05,0.9605896369667803,0.3533616782694015,24604,canonical_v2_exact_endpoint,aade61c16f52640e8fe72184ac08ff6e1230f57f6c2b62218fe0711186df012a,degree,3,216074,True,e750335a70768c6ca9c72e87cc49a781b283e405689fa959f80aeb4fe1e5bb09,20285102
road,Tel Aviv,Tel Aviv,21205,30263,2.85432680971469,0.4704556407107436,0.7006906122988468,0.6216476446413872,0.4975,0.495,0.5,False,0,0.0025,256,1000,4.715868898844611e-05,0.9917472294270216,0.163216222589012,3095,canonical_v2_exact_endpoint,9f1314703ee8971beeaaeefc0921c057ca266dbb7be2bb3dba804128bde66006,degree,0,60526,True,6cbe2c1e525719605177455c387e2691efb2701b8c94e5373a9e672f995637b0,20288786
road,Tel Aviv,Tel Aviv,21205,30263,2.85432680971469,0.4704556407107436,0.7006906122988468,0.6216476446413872,0.495,0.495,0.4975,False,0,0.0025,256,1000,4.715868898844611e-05,0.9928790379627443,0.1626503183211506,3107,canonical_v2_exact_endpoint,9f1314703ee8971beeaaeefc0921c057ca266dbb7be2bb3dba804128bde66006,degree,1,60526,True,81c1a4a8e3f92f85585bc3b105b4e5ee545aa699ba51d9ffd48cf62ecf6ab143,20288808
road,Tel Aviv,Tel Aviv,21205,30263,2.85432680971469,0.4704556407107436,0.7006906122988468,0.6216476446413872,0.4975,0.495,0.5025000000000001,False,0,0.0025,256,1000,4.715868898844611e-05,0.9916057533600569,0.1610940815845319,3069,canonical_v2_exact_endpoint,9f1314703ee8971beeaaeefc0921c057ca266dbb7be2bb3dba804128bde66006,degree,2,60526,True,b9be8527bed9132ea5edfb43a65735133fa18ebdd9c4ba774c0713443e1389fb,20288830
road,Tel Aviv,Tel Aviv,21205,30263,2.85432680971469,0.4704556407107436,0.7006906122988468,0.6216476446413872,0.4925,0.49,0.4975,False,0,0.0025,256,1000,4.715868898844611e-05,0.9918415468049988,0.1595378448479132,3068,canonical_v2_exact_endpoint,9f1314703ee8971beeaaeefc0921c057ca266dbb7be2bb3dba804128bde66006,degree,3,60526,True,8d6d74018ac051093e879abe33c472f87c365a3e386fba0eab2ce7b6a2e87f54,20288852
road,Tokyo,Tokyo,62113,98086,3.158308244650878,0.4276266169078313,0.6332504129029627,0.6038329066159509,0.445,0.44,0.4475,False,0,0.0025,256,1000,1.6099689275996976e-05,0.998695925168644,0.0651232431214077,3894,canonical_v2_exact_endpoint,15cfd4fa93fec7c9f390f2faaa129638816fdfccb3ee81702a7920d7ebae4d36,degree,0,196172,True,38682583ee9659307555462f709777efe705915dc38188363bc5fe16cd437626,20283345
road,Tokyo,Tokyo,62113,98086,3.158308244650878,0.4276266169078313,0.6332504129029627,0.6038329066159509,0.4425,0.4425,0.4475,False,0,0.0025,256,1000,1.6099689275996976e-05,0.9982290341796406,0.0643182586576079,3858,canonical_v2_exact_endpoint,15cfd4fa93fec7c9f390f2faaa129638816fdfccb3ee81702a7920d7ebae4d36,degree,1,196172,True,179c359a8b959e93eb5fbe5d77096d142b9c6febb03e54ed746bc7a06260c117,20283364
road,Tokyo,Tokyo,62113,98086,3.158308244650878,0.4276266169078313,0.6332504129029627,0.6038329066159509,0.4425,0.44,0.445,False,0,0.0025,256,1000,1.6099689275996976e-05,0.99871202485792,0.0648334487144398,3890,canonical_v2_exact_endpoint,15cfd4fa93fec7c9f390f2faaa129638816fdfccb3ee81702a7920d7ebae4d36,degree,2,196172,True,989d2b6115da366b476b579eb8afa24e10a83499d0464e60a7022b1dd24babed,20283383
road,Tokyo,Tokyo,62113,98086,3.158308244650878,0.4276266169078313,0.6332504129029627,0.6038329066159509,0.445,0.4425,0.4475,False,0,0.0025,256,1000,1.6099689275996976e-05,0.99871202485792,0.0649783459179237,3897,canonical_v2_exact_endpoint,15cfd4fa93fec7c9f390f2faaa129638816fdfccb3ee81702a7920d7ebae4d36,degree,3,196172,True,b1527b81f920f8506a5ba8c6bfb6347500cafc094260758d387afbef7ef2eee5,20283402
road,Toronto,Toronto,12443,18430,2.962308125050229,0.4503249767873723,0.6751492132392838,0.6093514625076226,0.4775,0.475,0.485,False,0,0.0025,256,1000,8.036647110825364e-05,0.9956602105601546,0.1304347826086956,1510,canonical_v2_exact_endpoint,4200b36ec2997344a60524e4d4862d268a60559a81e548bd471fe33fdad07d94,degree,0,36860,True,d28dac633edecdff0d3684745482144288081662239b30b57d1d9dd5b8d11820,20287477
road,Toronto,Toronto,12443,18430,2.962308125050229,0.4503249767873723,0.6751492132392838,0.6093514625076226,0.4725,0.4725,0.4775,False,0,0.0025,256,1000,8.036647110825364e-05,0.9945350799646384,0.1333279755685927,1506,canonical_v2_exact_endpoint,4200b36ec2997344a60524e4d4862d268a60559a81e548bd471fe33fdad07d94,degree,1,36860,True,3fdd01d5e3c324340e0d47823ca377f505666deff18a9ebc3ec0f704b0fdfd8f,20287498
road,Toronto,Toronto,12443,18430,2.962308125050229,0.4503249767873723,0.6751492132392838,0.6093514625076226,0.4775,0.4725,0.4875,False,0,0.0025,256,1000,8.036647110825364e-05,0.9959816764445876,0.1317206461464277,1519,canonical_v2_exact_endpoint,4200b36ec2997344a60524e4d4862d268a60559a81e548bd471fe33fdad07d94,degree,2,36860,True,12f6c7a0c943933a5fccf65e6b3e1c312ae8e783bd3bbbacd25692331a529903,20287519
road,Toronto,Toronto,12443,18430,2.962308125050229,0.4503249767873723,0.6751492132392838,0.6093514625076226,0.48,0.4749375,0.4825,False,0,0.0025,256,1000,8.036647110825364e-05,0.9953387446757208,0.1305151490798039,1505,canonical_v2_exact_endpoint,4200b36ec2997344a60524e4d4862d268a60559a81e548bd471fe33fdad07d94,degree,3,36860,True,e62024f5ea51f88a00307e9c93df8c4ca256377321aaa2cf7ab12fc49447e53e,20287540
road,Tunis,Tunis,46721,67495,2.8892789109822137,0.4801932298410621,0.6922142380917105,0.6317793038370825,0.5,0.4975,0.5025000000000001,False,0,0.0025,256,1000,2.140365146293957e-05,0.9956336551015604,0.1172706063654459,5047,canonical_v2_exact_endpoint,35e3364d1fcc0403e4638f4679bcc028c574cc7b0022685dce9d8b812e3b82f7,degree,0,134990,True,b0a08882a3e0c821b8b0e9d8b4fe4d3368387237e9e87aeb474affe06225a172,20283307
road,Tunis,Tunis,46721,67495,2.8892789109822137,0.4801932298410621,0.6922142380917105,0.6317793038370825,0.4975,0.4975,0.505,False,0,0.0025,256,1000,2.140365146293957e-05,0.9957406733588754,0.1162432310952248,5036,canonical_v2_exact_endpoint,35e3364d1fcc0403e4638f4679bcc028c574cc7b0022685dce9d8b812e3b82f7,degree,1,134990,True,a44883cc5b72ccbf423e3a3b2f356a09c0e0235f34c8b69a5df26ee752afa18c,20283326
road,Tunis,Tunis,46721,67495,2.8892789109822137,0.4801932298410621,0.6922142380917105,0.6317793038370825,0.495,0.495,0.5025000000000001,False,0,0.0025,256,1000,2.140365146293957e-05,0.9956336551015604,0.1159435799747437,5035,canonical_v2_exact_endpoint,35e3364d1fcc0403e4638f4679bcc028c574cc7b0022685dce9d8b812e3b82f7,degree,2,134990,True,39a9c284192c2b92d029dc3eb1307280b5e6218e5a3b2bced89197e1c9c050d7,20283345
road,Tunis,Tunis,46721,67495,2.8892789109822137,0.4801932298410621,0.6922142380917105,0.6317793038370825,0.5,0.4975,0.5025000000000001,False,0,0.0025,256,1000,2.140365146293957e-05,0.995933306222042,0.1160077909291325,5037,canonical_v2_exact_endpoint,35e3364d1fcc0403e4638f4679bcc028c574cc7b0022685dce9d8b812e3b82f7,degree,3,134990,True,3ea8869fbe475cce2bd9ee20e496076959efc592323de4a271403b46c7aa1b6e,20283364
road,Vancouver,Vancouver,14876,22751,3.058752352783006,0.4277066531310511,0.6538613687310448,0.5947690996506795,0.4525,0.4475,0.46,False,0,0.0025,256,1000,6.722237160527024e-05,0.995899435332078,0.1330330734068298,1840,canonical_v2_exact_endpoint,68bd74e36d2e9d7613baac0ed29ae6a4750ab861d07e760be6d7fd4111241454,degree,0,45502,True,420fa69e0e398d3678341161d2b8274ff2f13ecaf1cf00e7692773986b2f6ab1,20291833
road,Vancouver,Vancouver,14876,22751,3.058752352783006,0.4277066531310511,0.6538613687310448,0.5947690996506795,0.4575,0.45,0.46,False,0,0.0025,256,1000,6.722237160527024e-05,0.9948910997579996,0.1304114009142242,1817,canonical_v2_exact_endpoint,68bd74e36d2e9d7613baac0ed29ae6a4750ab861d07e760be6d7fd4111241454,degree,1,45502,True,1dac8f0585900a328113d2d8f0af8648ca2bdb3484c62aac5d1004194ab888a8,20291856
road,Vancouver,Vancouver,14876,22751,3.058752352783006,0.4277066531310511,0.6538613687310448,0.5947690996506795,0.46,0.45,0.4625,False,0,0.0025,256,1000,6.722237160527024e-05,0.9939499865555258,0.127117504705566,1790,canonical_v2_exact_endpoint,68bd74e36d2e9d7613baac0ed29ae6a4750ab861d07e760be6d7fd4111241454,degree,2,45502,True,185b04fcce10e84664b27b5a9fdbf9a6f495e0e64354dd5cc6bb1fc5f22bf537,20291879
road,Vancouver,Vancouver,14876,22751,3.058752352783006,0.4277066531310511,0.6538613687310448,0.5947690996506795,0.4525,0.45,0.4575,False,0,0.0025,256,1000,6.722237160527024e-05,0.9942188760419468,0.1307475127722506,1813,canonical_v2_exact_endpoint,68bd74e36d2e9d7613baac0ed29ae6a4750ab861d07e760be6d7fd4111241454,degree,3,45502,True,063cc738928b7c842ab9c9f8b61c07be64ec2dee1241bee526195a070cba1c45,20291902
road,Vienna,Vienna,17629,26142,2.9657949968801405,0.4456985030858935,0.6743554433478693,0.6083629848169554,0.4725,0.47,0.4775,False,0,0.0025,256,1000,5.672471495830735e-05,0.9947246015088776,0.1403369448068523,2264,canonical_v2_exact_endpoint,8b68b8dd113f31905448268df59026a70688fb0f7528e92a635f9fc598b0d79f,degree,0,52284,True,b996074bfb67fb65313fd3a59667a427bfc04147b3ec1e97f59ac699d785be1d,20285009
road,Vienna,Vienna,17629,26142,2.9657949968801405,0.4456985030858935,0.6743554433478693,0.6083629848169554,0.4725,0.4675,0.4775,False,0,0.0025,256,1000,5.672471495830735e-05,0.9938170060695448,0.1400533212320608,2241,canonical_v2_exact_endpoint,8b68b8dd113f31905448268df59026a70688fb0f7528e92a635f9fc598b0d79f,degree,1,52284,True,1a3ec87bb95af5835475d17326a27e7932026fbb1fee9e1c2c4853573c2f9d61,20285029
road,Vienna,Vienna,17629,26142,2.9657949968801405,0.4456985030858935,0.6743554433478693,0.6083629848169554,0.47,0.4675,0.475,False,0,0.0025,256,1000,5.672471495830735e-05,0.9929661353451702,0.1338703273016053,2205,canonical_v2_exact_endpoint,8b68b8dd113f31905448268df59026a70688fb0f7528e92a635f9fc598b0d79f,degree,2,52284,True,8627aeedba34eae59a7b1f42365e2c3fcbde218c4d995dd8358aad890b5bb69d,20285049
road,Vienna,Vienna,17629,26142,2.9657949968801405,0.4456985030858935,0.6743554433478693,0.6083629848169554,0.4725,0.47,0.475,False,0,0.0025,256,1000,5.672471495830735e-05,0.9935333824947532,0.1378410573486868,2231,canonical_v2_exact_endpoint,8b68b8dd113f31905448268df59026a70688fb0f7528e92a635f9fc598b0d79f,degree,3,52284,True,8751cdac4156e877bfd8bb8dd6b3f0f984954cb9d81d16d0aa56cb5a1217f186,20285069
road,Warsaw,Warsaw,17582,24341,2.76885451029462,0.4800796812749004,0.7223203648165646,0.6216663185144851,0.505,0.5025000000000001,0.5125,False,0,0.0025,256,1000,5.687635081333182e-05,0.9858946649982934,0.2050392446820612,3140,canonical_v2_exact_endpoint,afc7445d54d624eecd37e4237c8a75938282f861f476831d8a7728a415c87fae,degree,0,48682,True,c4eb744f56619fca8f41b21e5a9e56505524cc0ea7a885f0f06e1ccc9f5a6730,20285220
road,Warsaw,Warsaw,17582,24341,2.76885451029462,0.4800796812749004,0.7223203648165646,0.6216663185144851,0.51,0.5074375000000001,0.5125,False,0,0.0025,256,1000,5.687635081333182e-05,0.988795358889774,0.211181890569901,3188,canonical_v2_exact_endpoint,afc7445d54d624eecd37e4237c8a75938282f861f476831d8a7728a415c87fae,degree,1,48682,True,ef35367ed795d6426d1c9d96f961b8eb4f4b23ab72186d87a488b619283c2f5d,20285240
road,Warsaw,Warsaw,17582,24341,2.76885451029462,0.4800796812749004,0.7223203648165646,0.6216663185144851,0.51,0.505,0.5175,False,0,0.0025,256,1000,5.687635081333182e-05,0.9893641223979068,0.2043567284723012,3175,canonical_v2_exact_endpoint,afc7445d54d624eecd37e4237c8a75938282f861f476831d8a7728a415c87fae,degree,2,48682,True,9ff2acade27080c4a514458292a8ffac9f14f3e92bd844885df6eee7160dd41e,20285260
road,Warsaw,Warsaw,17582,24341,2.76885451029462,0.4800796812749004,0.7223203648165646,0.6216663185144851,0.5075000000000001,0.505,0.51,False,0,0.0025,256,1000,5.687635081333182e-05,0.9892503696962806,0.209134341940621,3203,canonical_v2_exact_endpoint,afc7445d54d624eecd37e4237c8a75938282f861f476831d8a7728a415c87fae,degree,3,48682,True,52be4361d7f5048083c0a5218f83985740e83581828cff61248da6d771246871,20285280
